{
  "schema_version": "1.0",
  "generated_at": "2026-05-01T16:00:00+08:00",
  "themes": [
    {
      "id": "storage_dram",
      "name": "存储芯片",
      "us_etfs": [
        "DRAM",
        "SOXX",
        "SMH"
      ],
      "primary_us": "DRAM",
      "tags": [
        "DRAM",
        "NAND",
        "半导体"
      ],
      "note": "A股无纯存储基金, 用半导体宽主题替代",
      "returns": {
        "r_1d": 0.027089642314488696,
        "r_5d": 0.08276849352616318,
        "r_20d": 0.3754811314307624,
        "r_60d": null,
        "r_120d": null,
        "r_ytd": 0.3754811314307624
      },
      "strength": {
        "short": 99,
        "mid": 99,
        "long": 89,
        "composite": 95
      },
      "rank": {
        "short": 2,
        "mid": 2,
        "long": 2,
        "composite": 2
      }
    },
    {
      "id": "semiconductor",
      "name": "半导体",
      "us_etfs": [
        "SOXX",
        "SMH",
        "XSD"
      ],
      "primary_us": "SOXX",
      "tags": [
        "半导体",
        "芯片"
      ],
      "note": "",
      "returns": {
        "r_1d": 0.009296971860264588,
        "r_5d": 0.008950251072309097,
        "r_20d": 0.31585114385821994,
        "r_60d": 0.3440213889331103,
        "r_120d": 0.4503147547048233,
        "r_ytd": 0.39585968135664684
      },
      "strength": {
        "short": 70,
        "mid": 96,
        "long": 94,
        "composite": 90
      },
      "rank": {
        "short": 3,
        "mid": 3,
        "long": 3,
        "composite": 3
      }
    },
    {
      "id": "cybersecurity",
      "name": "网络安全",
      "us_etfs": [
        "CIBR",
        "BUG"
      ],
      "primary_us": "CIBR",
      "tags": [
        "网络安全",
        "计算机"
      ],
      "note": "A股无纯网络安全 ETF, 映射纯度低",
      "returns": {
        "r_1d": 0.019235674173549835,
        "r_5d": 0.022353934812390883,
        "r_20d": 0.06877473822482717,
        "r_60d": 0.03470661521252783,
        "r_120d": -0.07729972276873595,
        "r_ytd": -0.025803104318314757
      },
      "strength": {
        "short": 86,
        "mid": 67,
        "long": 28,
        "composite": 55
      },
      "rank": {
        "short": 9,
        "mid": 9,
        "long": 9,
        "composite": 9
      }
    },
    {
      "id": "ai_compute",
      "name": "AI算力",
      "us_etfs": [
        "THNQ",
        "AIQ",
        "QQQ"
      ],
      "primary_us": "THNQ",
      "tags": [
        "AI",
        "人工智能",
        "算力"
      ],
      "note": "",
      "returns": {
        "r_1d": 0.028072254664578845,
        "r_5d": 0.017556429694736125,
        "r_20d": 0.19937991433379648,
        "r_60d": 0.1811258211380784,
        "r_120d": 0.10972896954896423,
        "r_ytd": 0.1330071564686226
      },
      "strength": {
        "short": 89,
        "mid": 89,
        "long": 60,
        "composite": 77
      },
      "rank": {
        "short": 5,
        "mid": 5,
        "long": 5,
        "composite": 5
      }
    },
    {
      "id": "energy_oil",
      "name": "原油/能源",
      "us_etfs": [
        "XLE",
        "USO"
      ],
      "primary_us": "XLE",
      "tags": [
        "原油",
        "能源"
      ],
      "note": "",
      "returns": {
        "r_1d": -0.013502366346448006,
        "r_5d": 0.03422386524100278,
        "r_20d": -0.006773972237228887,
        "r_60d": 0.11442506165311293,
        "r_120d": 0.30273944990207446,
        "r_ytd": 0.2605006636549624
      },
      "strength": {
        "short": 74,
        "mid": 71,
        "long": 83,
        "composite": 76
      },
      "rank": {
        "short": 6,
        "mid": 6,
        "long": 6,
        "composite": 6
      }
    },
    {
      "id": "new_energy_vehicle",
      "name": "新能源车/锂电",
      "us_etfs": [
        "DRIV",
        "LIT",
        "HAIL"
      ],
      "primary_us": "DRIV",
      "tags": [
        "新能源车",
        "锂电池"
      ],
      "note": "",
      "returns": {
        "r_1d": 0.009505972000477866,
        "r_5d": 0.04685225345042083,
        "r_20d": 0.20063838598229236,
        "r_60d": 0.1604690665918111,
        "r_120d": 0.24884763399146892,
        "r_ytd": 0.21695243080582036
      },
      "strength": {
        "short": 93,
        "mid": 86,
        "long": 78,
        "composite": 84
      },
      "rank": {
        "short": 4,
        "mid": 4,
        "long": 4,
        "composite": 4
      }
    },
    {
      "id": "robotics",
      "name": "机器人",
      "us_etfs": [
        "BOTZ",
        "ROBO",
        "ARKQ"
      ],
      "primary_us": "BOTZ",
      "tags": [
        "机器人",
        "智能制造"
      ],
      "note": "",
      "returns": {
        "r_1d": 0.0038935211462114926,
        "r_5d": 0.03265160724256778,
        "r_20d": 0.14469629127259193,
        "r_60d": 0.05293079313638092,
        "r_120d": 0.07459761697118897,
        "r_ytd": 0.050203064370953836
      },
      "strength": {
        "short": 82,
        "mid": 80,
        "long": 48,
        "composite": 68
      },
      "rank": {
        "short": 7,
        "mid": 7,
        "long": 7,
        "composite": 7
      }
    },
    {
      "id": "gold_metals",
      "name": "黄金/有色",
      "us_etfs": [
        "GLD",
        "SLV",
        "PICK"
      ],
      "primary_us": "GLD",
      "tags": [
        "黄金",
        "贵金属",
        "有色"
      ],
      "note": "",
      "returns": {
        "r_1d": -0.0011336522597227192,
        "r_5d": -0.023517325455145774,
        "r_20d": -0.014614578870446244,
        "r_60d": -0.07023351611124241,
        "r_120d": 0.1449730111881585,
        "r_ytd": 0.0606423306856232
      },
      "strength": {
        "short": 7,
        "mid": 18,
        "long": 55,
        "composite": 31
      },
      "rank": {
        "short": 12,
        "mid": 12,
        "long": 12,
        "composite": 12
      }
    },
    {
      "id": "china_internet",
      "name": "中概互联网/港股",
      "us_etfs": [
        "KWEB",
        "CQQQ"
      ],
      "primary_us": "KWEB",
      "tags": [
        "中概",
        "港股",
        "互联网"
      ],
      "note": "",
      "returns": {
        "r_1d": 0.000347531843045346,
        "r_5d": -0.0017357836863243674,
        "r_20d": 0.02426707876938832,
        "r_60d": -0.1494737430604097,
        "r_120d": -0.25748056493108207,
        "r_ytd": -0.21350728427807106
      },
      "strength": {
        "short": 36,
        "mid": 10,
        "long": 12,
        "composite": 16
      },
      "rank": {
        "short": 14,
        "mid": 14,
        "long": 14,
        "composite": 14
      }
    },
    {
      "id": "financial",
      "name": "金融/券商银行",
      "us_etfs": [
        "XLF",
        "KBE",
        "KRE"
      ],
      "primary_us": "XLF",
      "tags": [
        "金融",
        "银行",
        "券商"
      ],
      "note": "",
      "returns": {
        "r_1d": -0.004036582140481169,
        "r_5d": 0.009676870901020448,
        "r_20d": 0.04712551517457354,
        "r_60d": -0.03341178586166898,
        "r_120d": -0.0007772583838888868,
        "r_ytd": -0.05122838291223745
      },
      "strength": {
        "short": 56,
        "mid": 42,
        "long": 33,
        "composite": 41
      },
      "rank": {
        "short": 11,
        "mid": 11,
        "long": 11,
        "composite": 11
      }
    },
    {
      "id": "solar_clean_energy",
      "name": "光伏/清洁能源",
      "us_etfs": [
        "TAN",
        "ICLN"
      ],
      "primary_us": "TAN",
      "tags": [
        "光伏",
        "清洁能源"
      ],
      "note": "",
      "returns": {
        "r_1d": 0.014616178083249843,
        "r_5d": 0.016158201055487043,
        "r_20d": 0.0775011246209932,
        "r_60d": 0.019937645928219765,
        "r_120d": 0.16529172795419336,
        "r_ytd": 0.13858164060688885
      },
      "strength": {
        "short": 78,
        "mid": 63,
        "long": 69,
        "composite": 68
      },
      "rank": {
        "short": 8,
        "mid": 8,
        "long": 8,
        "composite": 8
      }
    },
    {
      "id": "biotech",
      "name": "生物科技/创新药",