{
  "schema_version": "1.0",
  "generated_at": "2026-04-23T16:00:00+08:00",
  "themes": [
    {
      "id": "storage_dram",
      "name": "存储芯片",
      "us_etfs": [
        "DRAM",
        "SOXX",
        "SMH"
      ],
      "primary_us": "DRAM",
      "tags": [
        "DRAM",
        "NAND",
        "半导体"
      ],
      "note": "A股无纯存储基金, 用半导体宽主题替代",
      "returns": {
        "r_1d": -0.02552402010000423,
        "r_5d": 0.0369789938993708,
        "r_20d": null,
        "r_60d": null,
        "r_120d": null,
        "r_ytd": 0.269873142211998
      },
      "strength": {
        "short": 85,
        "mid": 0,
        "long": 86,
        "composite": 51
      },
      "rank": {
        "short": 8,
        "mid": 8,
        "long": 8,
        "composite": 8
      }
    },
    {
      "id": "semiconductor",
      "name": "半导体",
      "us_etfs": [
        "SOXX",
        "SMH",
        "XSD"
      ],
      "primary_us": "SOXX",
      "tags": [
        "半导体",
        "芯片"
      ],
      "note": "",
      "returns": {
        "r_1d": 0.02115183050930833,
        "r_5d": 0.08281485678978762,
        "r_20d": 0.24477610326079113,
        "r_60d": 0.22864666685515056,
        "r_120d": 0.3558436244748702,
        "r_ytd": 0.3412555510008816
      },
      "strength": {
        "short": 99,
        "mid": 99,
        "long": 96,
        "composite": 98
      },
      "rank": {
        "short": 1,
        "mid": 1,
        "long": 1,
        "composite": 1
      }
    },
    {
      "id": "cybersecurity",
      "name": "网络安全",
      "us_etfs": [
        "CIBR",
        "BUG"
      ],
      "primary_us": "CIBR",
      "tags": [
        "网络安全",
        "计算机"
      ],
      "note": "A股无纯网络安全 ETF, 映射纯度低",
      "returns": {
        "r_1d": -0.03424699738483679,
        "r_5d": 0.010112503303350695,
        "r_20d": 0.05130116978297186,
        "r_60d": -0.0767908947148835,
        "r_120d": -0.13398831864980432,
        "r_ytd": -0.05787095477324228
      },
      "strength": {
        "short": 22,
        "mid": 35,
        "long": 24,
        "composite": 28
      },
      "rank": {
        "short": 12,
        "mid": 12,
        "long": 12,
        "composite": 12
      }
    },
    {
      "id": "ai_compute",
      "name": "AI算力",
      "us_etfs": [
        "THNQ",
        "AIQ",
        "QQQ"
      ],
      "primary_us": "THNQ",
      "tags": [
        "AI",
        "人工智能",
        "算力"
      ],
      "note": "",
      "returns": {
        "r_1d": -0.021329160843095635,
        "r_5d": 0.01864723791040503,
        "r_20d": 0.13561956798546637,
        "r_60d": 0.037678584873329944,
        "r_120d": 0.0249183255639673,
        "r_ytd": 0.07950023526337803
      },
      "strength": {
        "short": 50,
        "mid": 89,
        "long": 51,
        "composite": 66
      },
      "rank": {
        "short": 6,
        "mid": 6,
        "long": 6,
        "composite": 6
      }
    },
    {
      "id": "energy_oil",
      "name": "原油/能源",
      "us_etfs": [
        "XLE",
        "USO"
      ],
      "primary_us": "XLE",
      "tags": [
        "原油",
        "能源"
      ],
      "note": "",
      "returns": {
        "r_1d": 0.0077519525779976076,
        "r_5d": 0.0070447228003562845,
        "r_20d": -0.06109939491845582,
        "r_60d": 0.14381167203937342,
        "r_120d": 0.2733977009078242,
        "r_ytd": 0.22820917691295242
      },
      "strength": {
        "short": 91,
        "mid": 70,
        "long": 82,
        "composite": 79
      },
      "rank": {
        "short": 3,
        "mid": 3,
        "long": 3,
        "composite": 3
      }
    },
    {
      "id": "new_energy_vehicle",
      "name": "新能源车/锂电",
      "us_etfs": [
        "DRIV",
        "LIT",
        "HAIL"
      ],
      "primary_us": "DRIV",
      "tags": [
        "新能源车",
        "锂电池"
      ],
      "note": "",
      "returns": {
        "r_1d": -0.008024039374364291,
        "r_5d": 0.014756239977354313,
        "r_20d": 0.13910020930975212,
        "r_60d": 0.06127626080527885,
        "r_120d": 0.14978620197327006,
        "r_ytd": 0.1531183790710634
      },
      "strength": {
        "short": 76,
        "mid": 94,
        "long": 69,
        "composite": 80
      },
      "rank": {
        "short": 2,
        "mid": 2,
        "long": 2,
        "composite": 2
      }
    },
    {
      "id": "robotics",
      "name": "机器人",
      "us_etfs": [
        "BOTZ",
        "ROBO",
        "ARKQ"
      ],
      "primary_us": "BOTZ",
      "tags": [
        "机器人",
        "智能制造"
      ],
      "note": "",
      "returns": {
        "r_1d": -0.019181976665920152,
        "r_5d": -0.0013629343199747404,
        "r_20d": 0.0642112072266873,
        "r_60d": -0.04271868189277598,
        "r_120d": -0.03579300385137821,
        "r_ytd": -0.0013629343199747404
      },
      "strength": {
        "short": 26,
        "mid": 48,
        "long": 38,
        "composite": 40
      },
      "rank": {
        "short": 10,
        "mid": 10,
        "long": 10,
        "composite": 10
      }
    },
    {
      "id": "gold_metals",
      "name": "黄金/有色",
      "us_etfs": [
        "GLD",
        "SLV",
        "PICK"
      ],
      "primary_us": "GLD",
      "tags": [
        "黄金",
        "贵金属",
        "有色"
      ],
      "note": "",
      "returns": {
        "r_1d": -0.009742663076259298,
        "r_5d": -0.02075558500920774,
        "r_20d": 0.03481875974578033,
        "r_60d": -0.09942701597432763,
        "r_120d": 0.17179807878111317,
        "r_ytd": 0.07904564059101754
      },
      "strength": {
        "short": 14,
        "mid": 25,
        "long": 60,
        "composite": 37
      },
      "rank": {
        "short": 11,
        "mid": 11,
        "long": 11,
        "composite": 11
      }
    },
    {
      "id": "china_internet",
      "name": "中概互联网/港股",
      "us_etfs": [
        "KWEB",
        "CQQQ"
      ],
      "primary_us": "KWEB",
      "tags": [
        "中概",
        "港股",
        "互联网"
      ],
      "note": "",
      "returns": {
        "r_1d": -0.02775062706521077,
        "r_5d": -0.05708024803104744,
        "r_20d": -0.024666843424373686,
        "r_60d": -0.23329240160062756,
        "r_120d": -0.31088257339445174,
        "r_ytd": -0.2257430731985234
      },
      "strength": {
        "short": 7,
        "mid": 5,
        "long": 10,
        "composite": 7
      },
      "rank": {
        "short": 14,
        "mid": 14,
        "long": 14,
        "composite": 14
      }
    },
    {
      "id": "financial",
      "name": "金融/券商银行",
      "us_etfs": [
        "XLF",
        "KBE",
        "KRE"
      ],
      "primary_us": "XLF",
      "tags": [
        "金融",
        "银行",
        "券商"
      ],
      "note": "",
      "returns": {
        "r_1d": -0.007883895350105778,
        "r_5d": -0.004430317303810891,
        "r_20d": 0.04865502034308593,
        "r_60d": -0.01777458788122663,
        "r_120d": 0.0030333034763246796,
        "r_ytd": -0.05354228550434818
      },
      "strength": {
        "short": 32,
        "mid": 54,
        "long": 34,
        "composite": 42
      },
      "rank": {
        "short": 9,
        "mid": 9,
        "long": 9,
        "composite": 9
      }
    },
    {
      "id": "solar_clean_energy",
      "name": "光伏/清洁能源",
      "us_etfs": [
        "TAN",
        "ICLN"
      ],
      "primary_us": "TAN",
      "tags": [
        "光伏",
        "清洁能源"
      ],
      "note": "",
      "returns": {
        "r_1d": 0.027157246780208793,
        "r_5d": 0.07271744114586298,
        "r_20d": 0.02785882724521672,
        "r_60d": 0.044312100310628114,
        "r_120d": 0.18711117103431504,
        "r_ytd": 0.12721302762785747
      },
      "strength": {
        "short": 96,
        "mid": 65,
        "long": 73,
        "composite": 74
      },
      "rank": {
        "short": 4,
        "mid": 4,
        "long": 4,
        "composite": 4
      }
    },
    {
      "id": "biotech",
      "name": "生物科技/创新药",