{
  "schema_version": "1.0",
  "generated_at": "2026-06-19T12:17:13.510083+08:00",
  "themes": [
    {
      "id": "storage_dram",
      "name": "存储芯片",
      "us_etfs": [
        "DRAM",
        "SOXX",
        "SMH"
      ],
      "primary_us": "DRAM",
      "tags": [
        "DRAM",
        "NAND",
        "半导体"
      ],
      "note": "A股无纯存储基金, 用半导体宽主题替代",
      "returns": {
        "r_1d": 0.09225140855250323,
        "r_5d": 0.1638003021647633,
        "r_20d": 0.3982561350440574,
        "r_60d": null,
        "r_120d": null,
        "r_ytd": 1.016435922152663
      },
      "strength": {
        "short": 99,
        "mid": 96,
        "long": 99,
        "composite": 98
      },
      "rank": {
        "short": 1,
        "mid": 1,
        "long": 1,
        "composite": 1
      }
    },
    {
      "id": "semiconductor",
      "name": "半导体",
      "us_etfs": [
        "SOXX",
        "SMH",
        "XSD"
      ],
      "primary_us": "SOXX",
      "tags": [
        "半导体",
        "芯片"
      ],
      "note": "",
      "returns": {
        "r_1d": 0.06412892960019828,
        "r_5d": 0.08617762656295141,
        "r_20d": 0.2066583980583787,
        "r_60d": 0.629142119560638,
        "r_120d": 0.7376565398593321,
        "r_ytd": 0.7132938878856858
      },
      "strength": {
        "short": 96,
        "mid": 99,
        "long": 96,
        "composite": 97
      },
      "rank": {
        "short": 2,
        "mid": 2,
        "long": 2,
        "composite": 2
      }
    },
    {
      "id": "cybersecurity",
      "name": "网络安全",
      "us_etfs": [
        "CIBR",
        "BUG"
      ],
      "primary_us": "CIBR",
      "tags": [
        "网络安全",
        "计算机"
      ],
      "note": "A股无纯网络安全 ETF, 映射纯度低",
      "returns": {
        "r_1d": 0.0036736137865187677,
        "r_5d": -0.010940645492006856,
        "r_20d": 0.03466047523091528,
        "r_60d": 0.29455836760727183,
        "r_120d": 0.15055966009311045,
        "r_ytd": 0.18079949006727347
      },
      "strength": {
        "short": 20,
        "mid": 89,
        "long": 63,
        "composite": 65
      },
      "rank": {
        "short": 7,
        "mid": 7,
        "long": 7,
        "composite": 7
      }
    },
    {
      "id": "ai_compute",
      "name": "AI算力",
      "us_etfs": [
        "THNQ",
        "AIQ",
        "QQQ"
      ],
      "primary_us": "THNQ",
      "tags": [
        "AI",
        "人工智能",
        "算力"
      ],
      "note": "",
      "returns": {
        "r_1d": 0.026843479300472685,
        "r_5d": 0.04421306825411279,
        "r_20d": 0.11293894594383322,
        "r_60d": 0.3955126017671852,
        "r_120d": 0.3238081474762954,
        "r_ytd": 0.32905684206683805
      },
      "strength": {
        "short": 93,
        "mid": 93,
        "long": 88,
        "composite": 91
      },
      "rank": {
        "short": 3,
        "mid": 3,
        "long": 3,
        "composite": 3
      }
    },
    {
      "id": "energy_oil",
      "name": "原油/能源",
      "us_etfs": [
        "XLE",
        "USO"
      ],
      "primary_us": "XLE",
      "tags": [
        "原油",
        "能源"
      ],
      "note": "",
      "returns": {
        "r_1d": -0.016599380079094398,
        "r_5d": -0.06043859999688008,
        "r_20d": -0.10628994886344875,
        "r_60d": -0.12353177056415895,
        "r_120d": 0.19866457953581987,
        "r_ytd": 0.17022455521190294
      },
      "strength": {
        "short": 4,
        "mid": 5,
        "long": 71,
        "composite": 31
      },
      "rank": {
        "short": 12,
        "mid": 12,
        "long": 12,
        "composite": 12
      }
    },
    {
      "id": "new_energy_vehicle",
      "name": "新能源车/锂电",
      "us_etfs": [
        "DRIV",
        "LIT",
        "HAIL"
      ],
      "primary_us": "DRIV",
      "tags": [
        "新能源车",
        "锂电池"
      ],
      "note": "",
      "returns": {
        "r_1d": 0.023761430311563764,
        "r_5d": 0.029008048403693473,
        "r_20d": 0.037020581899302914,
        "r_60d": 0.2763712251408266,
        "r_120d": 0.2853293220444351,
        "r_ytd": 0.27538588166817973
      },
      "strength": {
        "short": 86,
        "mid": 85,
        "long": 83,
        "composite": 84
      },
      "rank": {
        "short": 4,
        "mid": 4,
        "long": 4,
        "composite": 4
      }
    },
    {
      "id": "robotics",
      "name": "机器人",
      "us_etfs": [
        "BOTZ",
        "ROBO",
        "ARKQ"
      ],
      "primary_us": "BOTZ",
      "tags": [
        "机器人",
        "智能制造"
      ],
      "note": "",
      "returns": {
        "r_1d": 0.020537814786257155,
        "r_5d": 0.02935555629558855,
        "r_20d": -0.022675567806805606,
        "r_60d": 0.12622354197470753,
        "r_120d": 0.04935282376859962,
        "r_ytd": 0.044226703852322885
      },
      "strength": {
        "short": 82,
        "mid": 60,
        "long": 43,
        "composite": 58
      },
      "rank": {
        "short": 9,
        "mid": 9,
        "long": 9,
        "composite": 9
      }
    },
    {
      "id": "gold_metals",
      "name": "黄金/有色",
      "us_etfs": [
        "GLD",
        "SLV",
        "PICK"
      ],
      "primary_us": "GLD",
      "tags": [
        "黄金",
        "贵金属",
        "有色"
      ],
      "note": "",
      "returns": {
        "r_1d": -0.003815842777874201,
        "r_5d": 0.002068649347658564,
        "r_20d": -0.07531027014851123,
        "r_60d": -0.04300191058898039,
        "r_120d": -0.06211870434963146,
        "r_ytd": -0.028420562583059018
      },
      "strength": {
        "short": 38,
        "mid": 17,
        "long": 28,
        "composite": 26
      },
      "rank": {
        "short": 13,
        "mid": 13,
        "long": 13,
        "composite": 13
      }
    },
    {
      "id": "china_internet",
      "name": "中概互联网/港股",
      "us_etfs": [
        "KWEB",
        "CQQQ"
      ],
      "primary_us": "KWEB",
      "tags": [
        "中概",
        "港股",
        "互联网"
      ],
      "note": "",
      "returns": {
        "r_1d": -0.005531400614725515,
        "r_5d": -0.05135271968120072,
        "r_20d": -0.10805106818238529,
        "r_60d": -0.11372483670382927,
        "r_120d": -0.31281905986800324,
        "r_ytd": -0.34475798099092503
      },
      "strength": {
        "short": 7,
        "mid": 9,
        "long": 8,
        "composite": 8
      },
      "rank": {
        "short": 14,
        "mid": 14,
        "long": 14,
        "composite": 14
      }
    },
    {
      "id": "financial",
      "name": "金融/券商银行",
      "us_etfs": [
        "XLF",
        "KBE",
        "KRE"
      ],
      "primary_us": "XLF",
      "tags": [
        "金融",
        "银行",
        "券商"
      ],
      "note": "",
      "returns": {
        "r_1d": -0.008920325773676149,
        "r_5d": 0.017892948882611094,
        "r_20d": 0.03630541948210319,
        "r_60d": 0.08347090974159982,
        "r_120d": -0.034402191102017816,
        "r_ytd": -0.01994321584512212
      },
      "strength": {
        "short": 68,
        "mid": 65,
        "long": 33,
        "composite": 53
      },
      "rank": {
        "short": 11,
        "mid": 11,
        "long": 11,
        "composite": 11
      }
    },
    {
      "id": "solar_clean_energy",
      "name": "光伏/清洁能源",
      "us_etfs": [
        "TAN",
        "ICLN"
      ],
      "primary_us": "TAN",
      "tags": [
        "光伏",
        "清洁能源"
      ],
      "note": "",
      "returns": {
        "r_1d": 0.035793134853556466,
        "r_5d": -0.02799657772269822,
        "r_20d": -0.037899213264272466,
        "r_60d": 0.08884386688717005,
        "r_120d": 0.17488806382989594,
        "r_ytd": 0.16044319290827014
      },
      "strength": {
        "short": 63,
        "mid": 49,
        "long": 67,
        "composite": 59
      },
      "rank": {
        "short": 8,
        "mid": 8,
        "long": 8,
        "composite": 8
      }
    },
    {
      "id": "biotech",
      "name": "生物科技/创新药",