{
  "schema_version": "1.0",
  "generated_at": "2026-06-18T14:36:22.504072+08:00",
  "themes": [
    {
      "id": "storage_dram",
      "name": "存储芯片",
      "us_etfs": [
        "DRAM",
        "SOXX",
        "SMH"
      ],
      "primary_us": "DRAM",
      "tags": [
        "DRAM",
        "NAND",
        "半导体"
      ],
      "note": "A股无纯存储基金, 用半导体宽主题替代",
      "returns": {
        "r_1d": 0.026509761369540013,
        "r_5d": 0.19825915748801695,
        "r_20d": 0.34036825541574134,
        "r_60d": null,
        "r_120d": null,
        "r_ytd": 0.9241845136001597
      },
      "strength": {
        "short": 99,
        "mid": 96,
        "long": 99,
        "composite": 98
      },
      "rank": {
        "short": 1,
        "mid": 1,
        "long": 1,
        "composite": 1
      }
    },
    {
      "id": "semiconductor",
      "name": "半导体",
      "us_etfs": [
        "SOXX",
        "SMH",
        "XSD"
      ],
      "primary_us": "SOXX",
      "tags": [
        "半导体",
        "芯片"
      ],
      "note": "",
      "returns": {
        "r_1d": 0.014257511542343,
        "r_5d": 0.10259271648300435,
        "r_20d": 0.1888875556926163,
        "r_60d": 0.5780887137886837,
        "r_120d": 0.6773895942713286,
        "r_ytd": 0.6491649582854875
      },
      "strength": {
        "short": 96,
        "mid": 99,
        "long": 96,
        "composite": 97
      },
      "rank": {
        "short": 2,
        "mid": 2,
        "long": 2,
        "composite": 2
      }
    },
    {
      "id": "cybersecurity",
      "name": "网络安全",
      "us_etfs": [
        "CIBR",
        "BUG"
      ],
      "primary_us": "CIBR",
      "tags": [
        "网络安全",
        "计算机"
      ],
      "note": "A股无纯网络安全 ETF, 映射纯度低",
      "returns": {
        "r_1d": -0.010040819671958861,
        "r_5d": 0.011703063321088327,
        "r_20d": 0.046536997018127677,
        "r_60d": 0.26090129396133194,
        "r_120d": 0.14743529373915143,
        "r_ytd": 0.17712587628075463
      },
      "strength": {
        "short": 44,
        "mid": 89,
        "long": 66,
        "composite": 71
      },
      "rank": {
        "short": 7,
        "mid": 7,
        "long": 7,
        "composite": 7
      }
    },
    {
      "id": "ai_compute",
      "name": "AI算力",
      "us_etfs": [
        "THNQ",
        "AIQ",
        "QQQ"
      ],
      "primary_us": "THNQ",
      "tags": [
        "AI",
        "人工智能",
        "算力"
      ],
      "note": "",
      "returns": {
        "r_1d": -0.004809882960758449,
        "r_5d": 0.05497968284530583,
        "r_20d": 0.11405905462181547,
        "r_60d": 0.35166919955253684,
        "r_120d": 0.2971189679624607,
        "r_ytd": 0.3022133627663653
      },
      "strength": {
        "short": 82,
        "mid": 93,
        "long": 87,
        "composite": 88
      },
      "rank": {
        "short": 3,
        "mid": 3,
        "long": 3,
        "composite": 3
      }
    },
    {
      "id": "energy_oil",
      "name": "原油/能源",
      "us_etfs": [
        "XLE",
        "USO"
      ],
      "primary_us": "XLE",
      "tags": [
        "原油",
        "能源"
      ],
      "note": "",
      "returns": {
        "r_1d": -0.012542242920503885,
        "r_5d": -0.06342901303176314,
        "r_20d": -0.11430163302122354,
        "r_60d": -0.0868437416333478,
        "r_120d": 0.2123383794323418,
        "r_ytd": 0.18682393529099736
      },
      "strength": {
        "short": 4,
        "mid": 9,
        "long": 72,
        "composite": 33
      },
      "rank": {
        "short": 12,
        "mid": 12,
        "long": 12,
        "composite": 12
      }
    },
    {
      "id": "new_energy_vehicle",
      "name": "新能源车/锂电",
      "us_etfs": [
        "DRIV",
        "LIT",
        "HAIL"
      ],
      "primary_us": "DRIV",
      "tags": [
        "新能源车",
        "锂电池"
      ],
      "note": "",
      "returns": {
        "r_1d": -0.012203447317005388,
        "r_5d": 0.05011844864089952,
        "r_20d": 0.03430211173162039,
        "r_60d": 0.2590716745702035,
        "r_120d": 0.2643435302426856,
        "r_ytd": 0.25162445135661615
      },
      "strength": {
        "short": 79,
        "mid": 85,
        "long": 82,
        "composite": 83
      },
      "rank": {
        "short": 4,
        "mid": 4,
        "long": 4,
        "composite": 4
      }
    },
    {
      "id": "robotics",
      "name": "机器人",
      "us_etfs": [
        "BOTZ",
        "ROBO",
        "ARKQ"
      ],
      "primary_us": "BOTZ",
      "tags": [
        "机器人",
        "智能制造"
      ],
      "note": "",
      "returns": {
        "r_1d": -0.007685234879862228,
        "r_5d": 0.03657453414526821,
        "r_20d": -0.033999070837995,
        "r_60d": 0.0933434613411723,
        "r_120d": 0.028542435710401177,
        "r_ytd": 0.023688889066065755
      },
      "strength": {
        "short": 75,
        "mid": 54,
        "long": 42,
        "composite": 53
      },
      "rank": {
        "short": 10,
        "mid": 10,
        "long": 10,
        "composite": 10
      }
    },
    {
      "id": "gold_metals",
      "name": "黄金/有色",
      "us_etfs": [
        "GLD",
        "SLV",
        "PICK"
      ],
      "primary_us": "GLD",
      "tags": [
        "黄金",
        "贵金属",
        "有色"
      ],
      "note": "",
      "returns": {
        "r_1d": -0.02297138428233101,
        "r_5d": 0.03674519019549535,
        "r_20d": -0.057258467467362795,
        "r_60d": -0.03896335145992426,
        "r_120d": -0.062445513080505624,
        "r_ytd": -0.02460471980518484
      },
      "strength": {
        "short": 65,
        "mid": 20,
        "long": 28,
        "composite": 32
      },
      "rank": {
        "short": 13,
        "mid": 13,
        "long": 13,
        "composite": 13
      }
    },
    {
      "id": "china_internet",
      "name": "中概互联网/港股",
      "us_etfs": [
        "KWEB",
        "CQQQ"
      ],
      "primary_us": "KWEB",
      "tags": [
        "中概",
        "港股",
        "互联网"
      ],
      "note": "",
      "returns": {
        "r_1d": -0.019509007985305304,
        "r_5d": -0.040916605962816974,
        "r_20d": -0.10819343608910378,
        "r_60d": -0.11383519449391788,
        "r_120d": -0.30931410398688713,
        "r_ytd": -0.33922658037619946
      },
      "strength": {
        "short": 7,
        "mid": 5,
        "long": 8,
        "composite": 7
      },
      "rank": {
        "short": 14,
        "mid": 14,
        "long": 14,
        "composite": 14
      }
    },
    {
      "id": "financial",
      "name": "金融/券商银行",
      "us_etfs": [
        "XLF",
        "KBE",
        "KRE"
      ],
      "primary_us": "XLF",
      "tags": [
        "金融",
        "银行",
        "券商"
      ],
      "note": "",
      "returns": {
        "r_1d": -0.005535055522390497,
        "r_5d": 0.034252496285953254,
        "r_20d": 0.056125062620764325,
        "r_60d": 0.09259414412298611,
        "r_120d": -0.020084228010235208,
        "r_ytd": -0.01102289007144599
      },
      "strength": {
        "short": 71,
        "mid": 67,
        "long": 34,
        "composite": 55
      },
      "rank": {
        "short": 9,
        "mid": 9,
        "long": 9,
        "composite": 9
      }
    },
    {
      "id": "solar_clean_energy",
      "name": "光伏/清洁能源",
      "us_etfs": [
        "TAN",
        "ICLN"
      ],
      "primary_us": "TAN",
      "tags": [
        "光伏",
        "清洁能源"
      ],
      "note": "",
      "returns": {
        "r_1d": -0.03579313485355637,
        "r_5d": -0.012073934292424543,
        "r_20d": -0.04221025897016405,
        "r_60d": 0.0610203199280831,
        "r_120d": 0.14818049561823612,
        "r_ytd": 0.12465005805471366
      },
      "strength": {
        "short": 11,
        "mid": 43,
        "long": 61,
        "composite": 44
      },
      "rank": {
        "short": 11,
        "mid": 11,
        "long": 11,
        "composite": 11
      }
    },
    {
      "id": "biotech",