{
  "schema_version": "1.0",
  "generated_at": "2026-06-16T10:07:58.723926+08:00",
  "themes": [
    {
      "id": "storage_dram",
      "name": "存储芯片",
      "us_etfs": [
        "DRAM",
        "SOXX",
        "SMH"
      ],
      "primary_us": "DRAM",
      "tags": [
        "DRAM",
        "NAND",
        "半导体"
      ],
      "note": "A股无纯存储基金, 用半导体宽主题替代",
      "returns": {
        "r_1d": 0.0891241654683813,
        "r_5d": 0.16069140606079044,
        "r_20d": 0.3298808351957726,
        "r_60d": null,
        "r_120d": null,
        "r_ytd": 0.9400691586611601
      },
      "strength": {
        "short": 99,
        "mid": 96,
        "long": 99,
        "composite": 98
      },
      "rank": {
        "short": 1,
        "mid": 1,
        "long": 1,
        "composite": 1
      }
    },
    {
      "id": "semiconductor",
      "name": "半导体",
      "us_etfs": [
        "SOXX",
        "SMH",
        "XSD"
      ],
      "primary_us": "SOXX",
      "tags": [
        "半导体",
        "芯片"
      ],
      "note": "",
      "returns": {
        "r_1d": 0.05307122698164735,
        "r_5d": 0.09555424337351326,
        "r_20d": 0.21222671720340172,
        "r_60d": 0.6141975147828855,
        "r_120d": 0.741198218007659,
        "r_ytd": 0.6959419267113409
      },
      "strength": {
        "short": 96,
        "mid": 99,
        "long": 96,
        "composite": 97
      },
      "rank": {
        "short": 2,
        "mid": 2,
        "long": 2,
        "composite": 2
      }
    },
    {
      "id": "cybersecurity",
      "name": "网络安全",
      "us_etfs": [
        "CIBR",
        "BUG"
      ],
      "primary_us": "CIBR",
      "tags": [
        "网络安全",
        "计算机"
      ],
      "note": "A股无纯网络安全 ETF, 映射纯度低",
      "returns": {
        "r_1d": 0.010955760169536895,
        "r_5d": 0.0016241232642550693,
        "r_20d": 0.0874012719156483,
        "r_60d": 0.28129966979090604,
        "r_120d": 0.16711733465766493,
        "r_ytd": 0.20105655827565352
      },
      "strength": {
        "short": 57,
        "mid": 89,
        "long": 64,
        "composite": 73
      },
      "rank": {
        "short": 6,
        "mid": 6,
        "long": 6,
        "composite": 6
      }
    },
    {
      "id": "ai_compute",
      "name": "AI算力",
      "us_etfs": [
        "THNQ",
        "AIQ",
        "QQQ"
      ],
      "primary_us": "THNQ",
      "tags": [
        "AI",
        "人工智能",
        "算力"
      ],
      "note": "",
      "returns": {
        "r_1d": 0.0412838404232257,
        "r_5d": 0.04266616131319784,
        "r_20d": 0.13065233257924122,
        "r_60d": 0.37038911096694177,
        "r_120d": 0.33458334587647776,
        "r_ytd": 0.33240388768607027
      },
      "strength": {
        "short": 89,
        "mid": 93,
        "long": 88,
        "composite": 90
      },
      "rank": {
        "short": 3,
        "mid": 3,
        "long": 3,
        "composite": 3
      }
    },
    {
      "id": "energy_oil",
      "name": "原油/能源",
      "us_etfs": [
        "XLE",
        "USO"
      ],
      "primary_us": "XLE",
      "tags": [
        "原油",
        "能源"
      ],
      "note": "",
      "returns": {
        "r_1d": -0.03537061955955178,
        "r_5d": -0.04883306980549315,
        "r_20d": -0.06768387495432888,
        "r_60d": -0.05982466365746515,
        "r_120d": 0.24514433393424853,
        "r_ytd": 0.20279235822830596
      },
      "strength": {
        "short": 4,
        "mid": 13,
        "long": 74,
        "composite": 36
      },
      "rank": {
        "short": 12,
        "mid": 12,
        "long": 12,
        "composite": 12
      }
    },
    {
      "id": "new_energy_vehicle",
      "name": "新能源车/锂电",
      "us_etfs": [
        "DRIV",
        "LIT",
        "HAIL"
      ],
      "primary_us": "DRIV",
      "tags": [
        "新能源车",
        "锂电池"
      ],
      "note": "",
      "returns": {
        "r_1d": 0.022405606010057016,
        "r_5d": 0.03837748206456761,
        "r_20d": 0.033787971214799005,
        "r_60d": 0.29349235883114766,
        "r_120d": 0.31476177120494864,
        "r_ytd": 0.28885262817316315
      },
      "strength": {
        "short": 82,
        "mid": 85,
        "long": 84,
        "composite": 84
      },
      "rank": {
        "short": 4,
        "mid": 4,
        "long": 4,
        "composite": 4
      }
    },
    {
      "id": "robotics",
      "name": "机器人",
      "us_etfs": [
        "BOTZ",
        "ROBO",
        "ARKQ"
      ],
      "primary_us": "BOTZ",
      "tags": [
        "机器人",
        "智能制造"
      ],
      "note": "",
      "returns": {
        "r_1d": 0.02998768112920152,
        "r_5d": -0.0018283848662375365,
        "r_20d": -0.050469414310487515,
        "r_60d": 0.09222993060919672,
        "r_120d": 0.06604502963699199,
        "r_ytd": 0.04109438770325585
      },
      "strength": {
        "short": 71,
        "mid": 47,
        "long": 44,
        "composite": 51
      },
      "rank": {
        "short": 10,
        "mid": 10,
        "long": 10,
        "composite": 10
      }
    },
    {
      "id": "gold_metals",
      "name": "黄金/有色",
      "us_etfs": [
        "GLD",
        "SLV",
        "PICK"
      ],
      "primary_us": "GLD",
      "tags": [
        "黄金",
        "贵金属",
        "有色"
      ],
      "note": "",
      "returns": {
        "r_1d": 0.025566728082746976,
        "r_5d": -0.0018140168783337314,
        "r_20d": -0.05097933846594286,
        "r_60d": -0.07259922757622496,
        "r_120d": -0.006209407667391928,
        "r_ytd": -0.004353166708700509
      },
      "strength": {
        "short": 64,
        "mid": 17,
        "long": 35,
        "composite": 34
      },
      "rank": {
        "short": 13,
        "mid": 13,
        "long": 13,
        "composite": 13
      }
    },
    {
      "id": "china_internet",
      "name": "中概互联网/港股",
      "us_etfs": [
        "KWEB",
        "CQQQ"
      ],
      "primary_us": "KWEB",
      "tags": [
        "中概",
        "港股",
        "互联网"
      ],
      "note": "",
      "returns": {
        "r_1d": 0.00489554984972133,
        "r_5d": 0.01896150795524336,
        "r_20d": -0.056594740103232774,
        "r_60d": -0.08873163325909411,
        "r_120d": -0.2565099726810575,
        "r_ytd": -0.29152516510233006
      },
      "strength": {
        "short": 68,
        "mid": 8,
        "long": 10,
        "composite": 21
      },
      "rank": {
        "short": 14,
        "mid": 14,
        "long": 14,
        "composite": 14
      }
    },
    {
      "id": "financial",
      "name": "金融/券商银行",
      "us_etfs": [
        "XLF",
        "KBE",
        "KRE"
      ],
      "primary_us": "XLF",
      "tags": [
        "金融",
        "银行",
        "券商"
      ],
      "note": "",
      "returns": {
        "r_1d": 0.004116024848673441,
        "r_5d": 0.03013589395424562,
        "r_20d": 0.047018079114192604,
        "r_60d": 0.09431349943145326,
        "r_120d": -0.015001124622804311,
        "r_ytd": -0.020129873578017606
      },
      "strength": {
        "short": 75,
        "mid": 70,
        "long": 31,
        "composite": 55
      },
      "rank": {
        "short": 9,
        "mid": 9,
        "long": 9,
        "composite": 9
      }
    },
    {
      "id": "solar_clean_energy",
      "name": "光伏/清洁能源",
      "us_etfs": [
        "TAN",
        "ICLN"
      ],
      "primary_us": "TAN",
      "tags": [
        "光伏",
        "清洁能源"
      ],
      "note": "",
      "returns": {
        "r_1d": -0.00524932435103262,
        "r_5d": -0.01393752447491236,
        "r_20d": -0.03541022195274506,
        "r_60d": 0.09618775651712318,
        "r_120d": 0.2467452298950689,
        "r_ytd": 0.19483981689074834
      },
      "strength": {
        "short": 8,
        "mid": 54,
        "long": 70,
        "composite": 51
      },
      "rank": {
        "short": 11,
        "mid": 11,
        "long": 11,
        "composite": 11
      }
    },
    {
      "id": "biotech",