{
  "schema_version": "1.0",
  "generated_at": "2026-06-17T10:29:43.089911+08:00",
  "themes": [
    {
      "id": "storage_dram",
      "name": "存储芯片",
      "us_etfs": [
        "DRAM",
        "SOXX",
        "SMH"
      ],
      "primary_us": "DRAM",
      "tags": [
        "DRAM",
        "NAND",
        "半导体"
      ],
      "note": "A股无纯存储基金, 用半导体宽主题替代",
      "returns": {
        "r_1d": -0.042394406430540404,
        "r_5d": 0.12926238349337618,
        "r_20d": 0.32294122400577085,
        "r_60d": null,
        "r_120d": null,
        "r_ytd": 0.8976747522306198
      },
      "strength": {
        "short": 96,
        "mid": 96,
        "long": 99,
        "composite": 97
      },
      "rank": {
        "short": 1,
        "mid": 1,
        "long": 1,
        "composite": 1
      }
    },
    {
      "id": "semiconductor",
      "name": "半导体",
      "us_etfs": [
        "SOXX",
        "SMH",
        "XSD"
      ],
      "primary_us": "SOXX",
      "tags": [
        "半导体",
        "芯片"
      ],
      "note": "",
      "returns": {
        "r_1d": -0.061034479968196456,
        "r_5d": 0.050945754807369244,
        "r_20d": 0.17638296026557243,
        "r_60d": 0.5760267496961311,
        "r_120d": 0.6668114407266613,
        "r_ytd": 0.6349074467431445
      },
      "strength": {
        "short": 20,
        "mid": 99,
        "long": 96,
        "composite": 82
      },
      "rank": {
        "short": 4,
        "mid": 4,
        "long": 4,
        "composite": 4
      }
    },
    {
      "id": "cybersecurity",
      "name": "网络安全",
      "us_etfs": [
        "CIBR",
        "BUG"
      ],
      "primary_us": "CIBR",
      "tags": [
        "网络安全",
        "计算机"
      ],
      "note": "A股无纯网络安全 ETF, 映射纯度低",
      "returns": {
        "r_1d": -0.013889862322940013,
        "r_5d": 0.008735806955977053,
        "r_20d": 0.05013102218201799,
        "r_60d": 0.28597770265587097,
        "r_120d": 0.149133057059374,
        "r_ytd": 0.18716669595271354
      },
      "strength": {
        "short": 31,
        "mid": 89,
        "long": 67,
        "composite": 69
      },
      "rank": {
        "short": 6,
        "mid": 6,
        "long": 6,
        "composite": 6
      }
    },
    {
      "id": "ai_compute",
      "name": "AI算力",
      "us_etfs": [
        "THNQ",
        "AIQ",
        "QQQ"
      ],
      "primary_us": "THNQ",
      "tags": [
        "AI",
        "人工智能",
        "算力"
      ],
      "note": "",
      "returns": {
        "r_1d": -0.025380641958946605,
        "r_5d": 0.0362956564178265,
        "r_20d": 0.11450384732178844,
        "r_60d": 0.3826998334341607,
        "r_120d": 0.2962395412928905,
        "r_ytd": 0.3070232457271237
      },
      "strength": {
        "short": 74,
        "mid": 93,
        "long": 87,
        "composite": 87
      },
      "rank": {
        "short": 2,
        "mid": 2,
        "long": 2,
        "composite": 2
      }
    },
    {
      "id": "energy_oil",
      "name": "原油/能源",
      "us_etfs": [
        "XLE",
        "USO"
      ],
      "primary_us": "XLE",
      "tags": [
        "原油",
        "能源"
      ],
      "note": "",
      "returns": {
        "r_1d": -0.003426180016804647,
        "r_5d": -0.03601273915056517,
        "r_20d": -0.09010751348993942,
        "r_60d": -0.06240817827818691,
        "r_120d": 0.23141877956416398,
        "r_ytd": 0.19936617821150135
      },
      "strength": {
        "short": 11,
        "mid": 11,
        "long": 73,
        "composite": 36
      },
      "rank": {
        "short": 13,
        "mid": 13,
        "long": 13,
        "composite": 13
      }
    },
    {
      "id": "new_energy_vehicle",
      "name": "新能源车/锂电",
      "us_etfs": [
        "DRIV",
        "LIT",
        "HAIL"
      ],
      "primary_us": "DRIV",
      "tags": [
        "新能源车",
        "锂电池"
      ],
      "note": "",
      "returns": {
        "r_1d": -0.025019569394015683,
        "r_5d": 0.025703000924342533,
        "r_20d": 0.025858265721461094,
        "r_60d": 0.3019799488271753,
        "r_120d": 0.27427400761633136,
        "r_ytd": 0.26383549802686834
      },
      "strength": {
        "short": 52,
        "mid": 85,
        "long": 83,
        "composite": 78
      },
      "rank": {
        "short": 5,
        "mid": 5,
        "long": 5,
        "composite": 5
      }
    },
    {
      "id": "robotics",
      "name": "机器人",
      "us_etfs": [
        "BOTZ",
        "ROBO",
        "ARKQ"
      ],
      "primary_us": "BOTZ",
      "tags": [
        "机器人",
        "智能制造"
      ],
      "note": "",
      "returns": {
        "r_1d": -0.009720263757327862,
        "r_5d": 0.006887501034550758,
        "r_20d": -0.050197146650082,
        "r_60d": 0.11989727495912214,
        "r_120d": 0.0397771410076813,
        "r_ytd": 0.031374123945928
      },
      "strength": {
        "short": 39,
        "mid": 55,
        "long": 42,
        "composite": 47
      },
      "rank": {
        "short": 10,
        "mid": 10,
        "long": 10,
        "composite": 10
      }
    },
    {
      "id": "gold_metals",
      "name": "黄金/有色",
      "us_etfs": [
        "GLD",
        "SLV",
        "PICK"
      ],
      "primary_us": "GLD",
      "tags": [
        "黄金",
        "贵金属",
        "有色"
      ],
      "note": "",
      "returns": {
        "r_1d": 0.0027198311858468048,
        "r_5d": 0.01737719826948794,
        "r_20d": -0.05098765746496822,
        "r_60d": -0.03884534166351948,
        "r_120d": -0.026308831040843948,
        "r_ytd": -0.0016333355228538991
      },
      "strength": {
        "short": 81,
        "mid": 20,
        "long": 31,
        "composite": 37
      },
      "rank": {
        "short": 12,
        "mid": 12,
        "long": 12,
        "composite": 12
      }
    },
    {
      "id": "china_internet",
      "name": "中概互联网/港股",
      "us_etfs": [
        "KWEB",
        "CQQQ"
      ],
      "primary_us": "KWEB",
      "tags": [
        "中概",
        "港股",
        "互联网"
      ],
      "note": "",
      "returns": {
        "r_1d": -0.028192407288564182,
        "r_5d": -0.012289002682052685,
        "r_20d": -0.08087461843678814,
        "r_60d": -0.08691478884506948,
        "r_120d": -0.29499681490505836,
        "r_ytd": -0.3197175723908943
      },
      "strength": {
        "short": 7,
        "mid": 7,
        "long": 9,
        "composite": 8
      },
      "rank": {
        "short": 14,
        "mid": 14,
        "long": 14,
        "composite": 14
      }
    },
    {
      "id": "financial",
      "name": "金融/券商银行",
      "us_etfs": [
        "XLF",
        "KBE",
        "KRE"
      ],
      "primary_us": "XLF",
      "tags": [
        "金融",
        "银行",
        "券商"
      ],
      "note": "",
      "returns": {
        "r_1d": 0.014642039028962134,
        "r_5d": 0.03539362850535457,
        "r_20d": 0.049213376293876926,
        "r_60d": 0.10712013809277526,
        "r_120d": -0.01256274157405493,
        "r_ytd": -0.0054878345490554665
      },
      "strength": {
        "short": 93,
        "mid": 68,
        "long": 35,
        "composite": 60
      },
      "rank": {
        "short": 9,
        "mid": 9,
        "long": 9,
        "composite": 9
      }
    },
    {
      "id": "solar_clean_energy",
      "name": "光伏/清洁能源",
      "us_etfs": [
        "TAN",
        "ICLN"
      ],
      "primary_us": "TAN",
      "tags": [
        "光伏",
        "清洁能源"
      ],
      "note": "",
      "returns": {
        "r_1d": -0.034396623982478274,
        "r_5d": -0.02042387736032759,
        "r_20d": -0.032960183681196624,
        "r_60d": 0.09390806245718365,
        "r_120d": 0.164326633677011,
        "r_ytd": 0.16044319290827014
      },
      "strength": {
        "short": 4,
        "mid": 50,
        "long": 63,
        "composite": 46
      },
      "rank": {
        "short": 11,
        "mid": 11,
        "long": 11,
        "composite": 11
      }
    },
    {
      "id": "biotech",