{
  "schema_version": "1.0",
  "generated_at": "2026-05-21T16:00:00+08:00",
  "themes": [
    {
      "id": "storage_dram",
      "name": "存储芯片",
      "us_etfs": [
        "DRAM",
        "SOXX",
        "SMH"
      ],
      "primary_us": "DRAM",
      "tags": [
        "DRAM",
        "NAND",
        "半导体"
      ],
      "note": "A股无纯存储基金, 用半导体宽主题替代",
      "returns": {
        "r_1d": 0.05348467581399095,
        "r_5d": 0.010173013500671619,
        "r_20d": 0.4017913207105987,
        "r_60d": null,
        "r_120d": null,
        "r_ytd": 0.6716644629225966
      },
      "strength": {
        "short": 99,
        "mid": 99,
        "long": 99,
        "composite": 99
      },
      "rank": {
        "short": 1,
        "mid": 1,
        "long": 1,
        "composite": 1
      }
    },
    {
      "id": "semiconductor",
      "name": "半导体",
      "us_etfs": [
        "SOXX",
        "SMH",
        "XSD"
      ],
      "primary_us": "SOXX",
      "tags": [
        "半导体",
        "芯片"
      ],
      "note": "",
      "returns": {
        "r_1d": 0.008421012837851344,
        "r_5d": -0.010087820157244581,
        "r_20d": 0.17380095166427695,
        "r_60d": 0.35537873035037815,
        "r_120d": 0.5902631574102933,
        "r_ytd": 0.5150565026651586
      },
      "strength": {
        "short": 49,
        "mid": 96,
        "long": 95,
        "composite": 86
      },
      "rank": {
        "short": 2,
        "mid": 2,
        "long": 2,
        "composite": 2
      }
    },
    {
      "id": "cybersecurity",
      "name": "网络安全",
      "us_etfs": [
        "CIBR",
        "BUG"
      ],
      "primary_us": "CIBR",
      "tags": [
        "网络安全",
        "计算机"
      ],
      "note": "A股无纯网络安全 ETF, 映射纯度低",
      "returns": {
        "r_1d": 0.005982532320333659,
        "r_5d": 0.04723326219216848,
        "r_20d": 0.2099925019299341,
        "r_60d": 0.27176332819644383,
        "r_120d": 0.12312220250703258,
        "r_ytd": 0.15212154715669185
      },
      "strength": {
        "short": 93,
        "mid": 93,
        "long": 61,
        "composite": 80
      },
      "rank": {
        "short": 5,
        "mid": 5,
        "long": 5,
        "composite": 5
      }
    },
    {
      "id": "ai_compute",
      "name": "AI算力",
      "us_etfs": [
        "THNQ",
        "AIQ",
        "QQQ"
      ],
      "primary_us": "THNQ",
      "tags": [
        "AI",
        "人工智能",
        "算力"
      ],
      "note": "",
      "returns": {
        "r_1d": 0.030836848647372603,
        "r_5d": 0.024774484738472703,
        "r_20d": 0.1674545095069994,
        "r_60d": 0.25521987999720247,
        "r_120d": 0.2605378341849873,
        "r_ytd": 0.24695474477037746
      },
      "strength": {
        "short": 96,
        "mid": 89,
        "long": 75,
        "composite": 85
      },
      "rank": {
        "short": 3,
        "mid": 3,
        "long": 3,
        "composite": 3
      }
    },
    {
      "id": "energy_oil",
      "name": "原油/能源",
      "us_etfs": [
        "XLE",
        "USO"
      ],
      "primary_us": "XLE",
      "tags": [
        "原油",
        "能源"
      ],
      "note": "",
      "returns": {
        "r_1d": -0.011267220301816388,
        "r_5d": 0.01808925376793494,
        "r_20d": 0.03703810686058292,
        "r_60d": 0.08128416850075632,
        "r_120d": 0.29610884429862666,
        "r_ytd": 0.2652472837735353
      },
      "strength": {
        "short": 73,
        "mid": 72,
        "long": 83,
        "composite": 77
      },
      "rank": {
        "short": 6,
        "mid": 6,
        "long": 6,
        "composite": 6
      }
    },
    {
      "id": "new_energy_vehicle",
      "name": "新能源车/锂电",
      "us_etfs": [
        "DRIV",
        "LIT",
        "HAIL"
      ],
      "primary_us": "DRIV",
      "tags": [
        "新能源车",
        "锂电池"
      ],
      "note": "",
      "returns": {
        "r_1d": 0.021014585791272668,
        "r_5d": -0.029081635490563553,
        "r_20d": 0.10626150648908618,
        "r_60d": 0.16034592687881874,
        "r_120d": 0.31385755906626694,
        "r_ytd": 0.25937988556014957
      },
      "strength": {
        "short": 26,
        "mid": 85,
        "long": 87,
        "composite": 74
      },
      "rank": {
        "short": 7,
        "mid": 7,
        "long": 7,
        "composite": 7
      }
    },
    {
      "id": "robotics",
      "name": "机器人",
      "us_etfs": [
        "BOTZ",
        "ROBO",
        "ARKQ"
      ],
      "primary_us": "BOTZ",
      "tags": [
        "机器人",
        "智能制造"
      ],
      "note": "",
      "returns": {
        "r_1d": 0.0101395423361438,
        "r_5d": -0.036403608606782926,
        "r_20d": 0.07840474831524712,
        "r_60d": -0.0002521326796883879,
        "r_120d": 0.1327727543400833,
        "r_ytd": 0.07704181399527237
      },
      "strength": {
        "short": 11,
        "mid": 64,
        "long": 55,
        "composite": 50
      },
      "rank": {
        "short": 8,
        "mid": 8,
        "long": 8,
        "composite": 8
      }
    },
    {
      "id": "gold_metals",
      "name": "黄金/有色",
      "us_etfs": [
        "GLD",
        "SLV",
        "PICK"
      ],
      "primary_us": "GLD",
      "tags": [
        "黄金",
        "贵金属",
        "有色"
      ],
      "note": "",
      "returns": {
        "r_1d": -0.00098276274381623,
        "r_5d": -0.024213458333444432,
        "r_20d": -0.0331386957693815,
        "r_60d": -0.12692075484492146,
        "r_120d": 0.08471397398709313,
        "r_ytd": 0.045906944821635966
      },
      "strength": {
        "short": 15,
        "mid": 11,
        "long": 45,
        "composite": 25
      },
      "rank": {
        "short": 13,
        "mid": 13,
        "long": 13,
        "composite": 13
      }
    },
    {
      "id": "china_internet",
      "name": "中概互联网/港股",
      "us_etfs": [
        "KWEB",
        "CQQQ"
      ],
      "primary_us": "KWEB",
      "tags": [
        "中概",
        "港股",
        "互联网"
      ],
      "note": "",
      "returns": {
        "r_1d": -0.01757898822584642,
        "r_5d": -0.055266626840966504,
        "r_20d": -0.028542827835862688,
        "r_60d": -0.1543058611387186,
        "r_120d": -0.24629943865835638,
        "r_ytd": -0.25428590103438614
      },
      "strength": {
        "short": 4,
        "mid": 6,
        "long": 11,
        "composite": 8
      },
      "rank": {
        "short": 14,
        "mid": 14,
        "long": 14,
        "composite": 14
      }
    },
    {
      "id": "financial",
      "name": "金融/券商银行",
      "us_etfs": [
        "XLF",
        "KBE",
        "KRE"
      ],
      "primary_us": "XLF",
      "tags": [
        "金融",
        "银行",
        "券商"
      ],
      "note": "",
      "returns": {
        "r_1d": 0.0013540904523295584,
        "r_5d": 0.00854205591513548,
        "r_20d": -0.0013522593705475065,
        "r_60d": 0.0024244915079034736,
        "r_120d": -0.01469405624498436,
        "r_ytd": -0.05489454487489571
      },
      "strength": {
        "short": 80,
        "mid": 43,
        "long": 29,
        "composite": 45
      },
      "rank": {
        "short": 10,
        "mid": 10,
        "long": 10,
        "composite": 10
      }
    },
    {
      "id": "solar_clean_energy",
      "name": "光伏/清洁能源",
      "us_etfs": [
        "TAN",
        "ICLN"
      ],
      "primary_us": "TAN",
      "tags": [
        "光伏",
        "清洁能源"
      ],
      "note": "",
      "returns": {
        "r_1d": 0.03036706120070171,
        "r_5d": -0.001386585840879725,
        "r_20d": 0.10149643974538675,
        "r_60d": 0.08945316128436945,
        "r_120d": 0.3031155740170856,
        "r_ytd": 0.22870946737324432
      },
      "strength": {
        "short": 89,
        "mid": 80,
        "long": 79,
        "composite": 81
      },
      "rank": {
        "short": 4,
        "mid": 4,
        "long": 4,
        "composite": 4
      }
    },
    {
      "id": "biotech",
      "name": "生物科技/创新药",