{
  "schema_version": "1.0",
  "generated_at": "2026-04-14T16:00:00+08:00",
  "themes": [
    {
      "id": "storage_dram",
      "name": "存储芯片",
      "us_etfs": [
        "DRAM",
        "SOXX",
        "SMH"
      ],
      "primary_us": "DRAM",
      "tags": [
        "DRAM",
        "NAND",
        "半导体"
      ],
      "note": "A股无纯存储基金, 用半导体宽主题替代",
      "returns": {
        "r_1d": 0.058465736703460953,
        "r_5d": 0.18914826537956092,
        "r_20d": null,
        "r_60d": null,
        "r_120d": null,
        "r_ytd": 0.24790643349715383
      },
      "strength": {
        "short": 99,
        "mid": 0,
        "long": 85,
        "composite": 54
      },
      "rank": {
        "short": 9,
        "mid": 9,
        "long": 9,
        "composite": 9
      }
    },
    {
      "id": "semiconductor",
      "name": "半导体",
      "us_etfs": [
        "SOXX",
        "SMH",
        "XSD"
      ],
      "primary_us": "SOXX",
      "tags": [
        "半导体",
        "芯片"
      ],
      "note": "",
      "returns": {
        "r_1d": 0.019885425867732325,
        "r_5d": 0.14304717519882126,
        "r_20d": 0.1726328979293458,
        "r_60d": 0.17444010939756865,
        "r_120d": 0.3165695011184789,
        "r_ytd": 0.24677044897234662
      },
      "strength": {
        "short": 96,
        "mid": 99,
        "long": 90,
        "composite": 95
      },
      "rank": {
        "short": 1,
        "mid": 1,
        "long": 1,
        "composite": 1
      }
    },
    {
      "id": "cybersecurity",
      "name": "网络安全",
      "us_etfs": [
        "CIBR",
        "BUG"
      ],
      "primary_us": "CIBR",
      "tags": [
        "网络安全",
        "计算机"
      ],
      "note": "A股无纯网络安全 ETF, 映射纯度低",
      "returns": {
        "r_1d": -0.006350199345836096,
        "r_5d": -0.03843020649600215,
        "r_20d": -0.02513204067511365,
        "r_60d": -0.13665949507189226,
        "r_120d": -0.19300824153162682,
        "r_ytd": -0.11662947619408642
      },
      "strength": {
        "short": 7,
        "mid": 11,
        "long": 20,
        "composite": 14
      },
      "rank": {
        "short": 14,
        "mid": 14,
        "long": 14,
        "composite": 14
      }
    },
    {
      "id": "ai_compute",
      "name": "AI算力",
      "us_etfs": [
        "THNQ",
        "AIQ",
        "QQQ"
      ],
      "primary_us": "THNQ",
      "tags": [
        "AI",
        "人工智能",
        "算力"
      ],
      "note": "",
      "returns": {
        "r_1d": 0.034208087821268114,
        "r_5d": 0.08635610625700893,
        "r_20d": 0.06840289105235021,
        "r_60d": 0.00588649486684788,
        "r_120d": -0.0007617536792894194,
        "r_ytd": 0.018571632986801544
      },
      "strength": {
        "short": 93,
        "mid": 69,
        "long": 44,
        "composite": 64
      },
      "rank": {
        "short": 6,
        "mid": 6,
        "long": 6,
        "composite": 6
      }
    },
    {
      "id": "energy_oil",
      "name": "原油/能源",
      "us_etfs": [
        "XLE",
        "USO"
      ],
      "primary_us": "XLE",
      "tags": [
        "原油",
        "能源"
      ],
      "note": "",
      "returns": {
        "r_1d": -0.020520794970041025,
        "r_5d": -0.07254922871118855,
        "r_20d": -0.027746492297061866,
        "r_60d": 0.1679280876285345,
        "r_120d": 0.2679634135962686,
        "r_ytd": 0.2099673042709786
      },
      "strength": {
        "short": 4,
        "mid": 80,
        "long": 81,
        "composite": 65
      },
      "rank": {
        "short": 5,
        "mid": 5,
        "long": 5,
        "composite": 5
      }
    },
    {
      "id": "new_energy_vehicle",
      "name": "新能源车/锂电",
      "us_etfs": [
        "DRIV",
        "LIT",
        "HAIL"
      ],
      "primary_us": "DRIV",
      "tags": [
        "新能源车",
        "锂电池"
      ],
      "note": "",
      "returns": {
        "r_1d": 0.017951615538701646,
        "r_5d": 0.09837355118083291,
        "r_20d": 0.10883975972432294,
        "r_60d": 0.05069385741838572,
        "r_120d": 0.15878798511394315,
        "r_ytd": 0.11668812175861533
      },
      "strength": {
        "short": 89,
        "mid": 85,
        "long": 68,
        "composite": 79
      },
      "rank": {
        "short": 4,
        "mid": 4,
        "long": 4,
        "composite": 4
      }
    },
    {
      "id": "robotics",
      "name": "机器人",
      "us_etfs": [
        "BOTZ",
        "ROBO",
        "ARKQ"
      ],
      "primary_us": "BOTZ",
      "tags": [
        "机器人",
        "智能制造"
      ],
      "note": "",
      "returns": {
        "r_1d": 0.017089691557090204,
        "r_5d": 0.09151854752523157,
        "r_20d": 0.033345706090392536,
        "r_60d": -0.04671875839603707,
        "r_120d": -0.008454700415190492,
        "r_ytd": -0.0032741893679660693
      },
      "strength": {
        "short": 86,
        "mid": 34,
        "long": 39,
        "composite": 46
      },
      "rank": {
        "short": 11,
        "mid": 11,
        "long": 11,
        "composite": 11
      }
    },
    {
      "id": "gold_metals",
      "name": "黄金/有色",
      "us_etfs": [
        "GLD",
        "SLV",
        "PICK"
      ],
      "primary_us": "GLD",
      "tags": [
        "黄金",
        "贵金属",
        "有色"
      ],
      "note": "",
      "returns": {
        "r_1d": 0.02210325929203807,
        "r_5d": 0.030290829651748525,
        "r_20d": -0.03388431886706457,
        "r_60d": 0.05012451566177913,
        "r_120d": 0.09896781468878435,
        "r_ytd": 0.11112122822530368
      },
      "strength": {
        "short": 68,
        "mid": 51,
        "long": 59,
        "composite": 58
      },
      "rank": {
        "short": 8,
        "mid": 8,
        "long": 8,
        "composite": 8
      }
    },
    {
      "id": "china_internet",
      "name": "中概互联网/港股",
      "us_etfs": [
        "KWEB",
        "CQQQ"
      ],
      "primary_us": "KWEB",
      "tags": [
        "中概",
        "港股",
        "互联网"
      ],
      "note": "",
      "returns": {
        "r_1d": 0.022380053513286268,
        "r_5d": 0.04562871814342681,
        "r_20d": -0.04233255116726054,
        "r_60d": -0.21404542866489304,
        "r_120d": -0.2587259584511412,
        "r_ytd": -0.1932142358106792
      },
      "strength": {
        "short": 75,
        "mid": 5,
        "long": 12,
        "composite": 22
      },
      "rank": {
        "short": 13,
        "mid": 13,
        "long": 13,
        "composite": 13
      }
    },
    {
      "id": "financial",
      "name": "金融/券商银行",
      "us_etfs": [
        "XLF",
        "KBE",
        "KRE"
      ],
      "primary_us": "XLF",
      "tags": [
        "金融",
        "银行",
        "券商"
      ],
      "note": "",
      "returns": {
        "r_1d": 0.0023201660345923206,
        "r_5d": 0.03738380852305864,
        "r_20d": 0.054207100014943714,
        "r_60d": -0.043681345058965725,
        "r_120d": -0.010701629526618555,
        "r_ytd": -0.053928469292632966
      },
      "strength": {
        "short": 64,
        "mid": 46,
        "long": 33,
        "composite": 44
      },
      "rank": {
        "short": 12,
        "mid": 12,
        "long": 12,
        "composite": 12
      }
    },
    {
      "id": "solar_clean_energy",
      "name": "光伏/清洁能源",
      "us_etfs": [
        "TAN",
        "ICLN"
      ],
      "primary_us": "TAN",
      "tags": [
        "光伏",
        "清洁能源"
      ],
      "note": "",
      "returns": {
        "r_1d": 0.005992899315508901,
        "r_5d": 0.032385503834458,
        "r_20d": -0.027149380736731538,
        "r_60d": 0.06083962311581906,
        "r_120d": 0.1562652487649931,
        "r_ytd": 0.06798463270856057
      },
      "strength": {
        "short": 61,
        "mid": 58,
        "long": 63,
        "composite": 61
      },
      "rank": {
        "short": 7,
        "mid": 7,
        "long": 7,
        "composite": 7
      }
    },
    {
      "id": "biotech",
      "name": "生物科技/创新药",