{
  "schema_version": "1.0",
  "generated_at": "2026-04-06T16:00:00+08:00",
  "themes": [
    {
      "id": "storage_dram",
      "name": "存储芯片",
      "us_etfs": [
        "DRAM",
        "SOXX",
        "SMH"
      ],
      "primary_us": "DRAM",
      "tags": [
        "DRAM",
        "NAND",
        "半导体"
      ],
      "note": "A股无纯存储基金, 用半导体宽主题替代",
      "returns": {
        "r_1d": 0.04920175802404994,
        "r_5d": null,
        "r_20d": null,
        "r_60d": null,
        "r_120d": null,
        "r_ytd": 0.04920175802404994
      },
      "strength": {
        "short": 99,
        "mid": 0,
        "long": 51,
        "composite": 40
      },
      "rank": {
        "short": 9,
        "mid": 9,
        "long": 9,
        "composite": 9
      }
    },
    {
      "id": "semiconductor",
      "name": "半导体",
      "us_etfs": [
        "SOXX",
        "SMH",
        "XSD"
      ],
      "primary_us": "SOXX",
      "tags": [
        "半导体",
        "芯片"
      ],
      "note": "",
      "returns": {
        "r_1d": 0.013134458524851754,
        "r_5d": 0.06179498149990752,
        "r_20d": 0.06231811259629922,
        "r_60d": 0.05806152628091266,
        "r_120d": 0.23724700778462499,
        "r_ytd": 0.09314299602327873
      },
      "strength": {
        "short": 96,
        "mid": 90,
        "long": 81,
        "composite": 88
      },
      "rank": {
        "short": 1,
        "mid": 1,
        "long": 1,
        "composite": 1
      }
    },
    {
      "id": "cybersecurity",
      "name": "网络安全",
      "us_etfs": [
        "CIBR",
        "BUG"
      ],
      "primary_us": "CIBR",
      "tags": [
        "网络安全",
        "计算机"
      ],
      "note": "A股无纯网络安全 ETF, 映射纯度低",
      "returns": {
        "r_1d": -0.0004674527217230978,
        "r_5d": 0.05444837053298612,
        "r_20d": -0.02653729448838559,
        "r_60d": -0.13348742394490137,
        "r_120d": -0.15800113638805505,
        "r_ytd": -0.09504529526486497
      },
      "strength": {
        "short": 86,
        "mid": 15,
        "long": 22,
        "composite": 32
      },
      "rank": {
        "short": 12,
        "mid": 12,
        "long": 12,
        "composite": 12
      }
    },
    {
      "id": "ai_compute",
      "name": "AI算力",
      "us_etfs": [
        "THNQ",
        "AIQ",
        "QQQ"
      ],
      "primary_us": "THNQ",
      "tags": [
        "AI",
        "人工智能",
        "算力"
      ],
      "note": "",
      "returns": {
        "r_1d": -0.002991779883622249,
        "r_5d": 0.05219170280966462,
        "r_20d": -0.0027428170323170837,
        "r_60d": -0.10220949002706756,
        "r_120d": -0.06842698265032753,
        "r_ytd": -0.06936453774879607
      },
      "strength": {
        "short": 75,
        "mid": 27,
        "long": 33,
        "composite": 39
      },
      "rank": {
        "short": 11,
        "mid": 11,
        "long": 11,
        "composite": 11
      }
    },
    {
      "id": "energy_oil",
      "name": "原油/能源",
      "us_etfs": [
        "XLE",
        "USO"
      ],
      "primary_us": "XLE",
      "tags": [
        "原油",
        "能源"
      ],
      "note": "",
      "returns": {
        "r_1d": 0.007231180993799995,
        "r_5d": -0.04712915717959758,
        "r_20d": 0.0600306414240625,
        "r_60d": 0.28596220848525367,
        "r_120d": 0.35190870806201097,
        "r_ytd": 0.2745058168859912
      },
      "strength": {
        "short": 4,
        "mid": 99,
        "long": 95,
        "composite": 78
      },
      "rank": {
        "short": 2,
        "mid": 2,
        "long": 2,
        "composite": 2
      }
    },
    {
      "id": "new_energy_vehicle",
      "name": "新能源车/锂电",
      "us_etfs": [
        "DRIV",
        "LIT",
        "HAIL"
      ],
      "primary_us": "DRIV",
      "tags": [
        "新能源车",
        "锂电池"
      ],
      "note": "",
      "returns": {
        "r_1d": 0.0034177821729467705,
        "r_5d": 0.04779760403579582,
        "r_20d": 0.029629606326306294,
        "r_60d": -0.00651304170203693,
        "r_120d": 0.12389710632909216,
        "r_ytd": 0.01973182699647467
      },
      "strength": {
        "short": 82,
        "mid": 64,
        "long": 60,
        "composite": 66
      },
      "rank": {
        "short": 5,
        "mid": 5,
        "long": 5,
        "composite": 5
      }
    },
    {
      "id": "robotics",
      "name": "机器人",
      "us_etfs": [
        "BOTZ",
        "ROBO",
        "ARKQ"
      ],
      "primary_us": "BOTZ",
      "tags": [
        "机器人",
        "智能制造"
      ],
      "note": "",
      "returns": {
        "r_1d": 0.005672462499208695,
        "r_5d": 0.03421987428520046,
        "r_20d": -0.07178741471582012,
        "r_60d": -0.1275594344145917,
        "r_120d": -0.05521219405828466,
        "r_ytd": -0.08882076440242931
      },
      "strength": {
        "short": 71,
        "mid": 10,
        "long": 30,
        "composite": 30
      },
      "rank": {
        "short": 13,
        "mid": 13,
        "long": 13,
        "composite": 13
      }
    },
    {
      "id": "gold_metals",
      "name": "黄金/有色",
      "us_etfs": [
        "GLD",
        "SLV",
        "PICK"
      ],
      "primary_us": "GLD",
      "tags": [
        "黄金",
        "贵金属",
        "有色"
      ],
      "note": "",
      "returns": {
        "r_1d": -0.004107092256447038,
        "r_5d": 0.03074969306642164,
        "r_20d": -0.10186796259664013,
        "r_60d": 0.044027717735089685,
        "r_120d": 0.14718330855737774,
        "r_ytd": 0.0711498172996224
      },
      "strength": {
        "short": 68,
        "mid": 41,
        "long": 66,
        "composite": 56
      },
      "rank": {
        "short": 7,
        "mid": 7,
        "long": 7,
        "composite": 7
      }
    },
    {
      "id": "china_internet",
      "name": "中概互联网/港股",
      "us_etfs": [
        "KWEB",
        "CQQQ"
      ],
      "primary_us": "KWEB",
      "tags": [
        "中概",
        "港股",
        "互联网"
      ],
      "note": "",
      "returns": {
        "r_1d": 0.001778383448162327,
        "r_5d": 0.008206987915331568,
        "r_20d": -0.05429162866263312,
        "r_60d": -0.2329039010150382,
        "r_120d": -0.2522466107991743,
        "r_ytd": -0.23599597959929705
      },
      "strength": {
        "short": 55,
        "mid": 4,
        "long": 11,
        "composite": 17
      },
      "rank": {
        "short": 14,
        "mid": 14,
        "long": 14,
        "composite": 14
      }
    },
    {
      "id": "financial",
      "name": "金融/券商银行",
      "us_etfs": [
        "XLF",
        "KBE",
        "KRE"
      ],
      "primary_us": "XLF",
      "tags": [
        "金融",
        "银行",
        "券商"
      ],
      "note": "",
      "returns": {
        "r_1d": 0.0070416202711194534,
        "r_5d": 0.042385290863593016,
        "r_20d": -0.00861119742601255,
        "r_60d": -0.1036157206021643,
        "r_120d": -0.03607964037116442,
        "r_ytd": -0.09131227781569153
      },
      "strength": {
        "short": 79,
        "mid": 23,
        "long": 37,
        "composite": 40
      },
      "rank": {
        "short": 10,
        "mid": 10,
        "long": 10,
        "composite": 10
      }
    },
    {
      "id": "solar_clean_energy",
      "name": "光伏/清洁能源",
      "us_etfs": [
        "TAN",
        "ICLN"
      ],
      "primary_us": "TAN",
      "tags": [
        "光伏",
        "清洁能源"
      ],
      "note": "",
      "returns": {
        "r_1d": -0.012659533115450098,
        "r_5d": -0.006624989437918521,
        "r_20d": 0.016381622465626813,
        "r_60d": 0.07056350124778737,
        "r_120d": 0.18639184789596733,
        "r_ytd": 0.048420982870445585
      },
      "strength": {
        "short": 8,
        "mid": 82,
        "long": 70,
        "composite": 62
      },
      "rank": {
        "short": 6,
        "mid": 6,
        "long": 6,
        "composite": 6
      }
    },
    {
      "id": "biotech",
      "name": "生物科技/创新药",