{
  "schema_version": "1.0",
  "generated_at": "2026-05-14T16:00:00+08:00",
  "themes": [
    {
      "id": "storage_dram",
      "name": "存储芯片",
      "us_etfs": [
        "DRAM",
        "SOXX",
        "SMH"
      ],
      "primary_us": "DRAM",
      "tags": [
        "DRAM",
        "NAND",
        "半导体"
      ],
      "note": "A股无纯存储基金, 用半导体宽主题替代",
      "returns": {
        "r_1d": -0.013846800898237388,
        "r_5d": 0.14456060597215234,
        "r_20d": 0.42859730110929767,
        "r_60d": null,
        "r_120d": null,
        "r_ytd": 0.661491449421925
      },
      "strength": {
        "short": 99,
        "mid": 99,
        "long": 99,
        "composite": 99
      },
      "rank": {
        "short": 1,
        "mid": 1,
        "long": 1,
        "composite": 1
      }
    },
    {
      "id": "semiconductor",
      "name": "半导体",
      "us_etfs": [
        "SOXX",
        "SMH",
        "XSD"
      ],
      "primary_us": "SOXX",
      "tags": [
        "半导体",
        "芯片"
      ],
      "note": "",
      "returns": {
        "r_1d": 0.0032882761636883395,
        "r_5d": 0.07372353214803144,
        "r_20d": 0.2667036286113092,
        "r_60d": 0.3932400414065378,
        "r_120d": 0.6344905937877172,
        "r_ytd": 0.5251443228224031
      },
      "strength": {
        "short": 89,
        "mid": 96,
        "long": 96,
        "composite": 95
      },
      "rank": {
        "short": 2,
        "mid": 2,
        "long": 2,
        "composite": 2
      }
    },
    {
      "id": "cybersecurity",
      "name": "网络安全",
      "us_etfs": [
        "CIBR",
        "BUG"
      ],
      "primary_us": "CIBR",
      "tags": [
        "网络安全",
        "计算机"
      ],
      "note": "A股无纯网络安全 ETF, 映射纯度低",
      "returns": {
        "r_1d": 0.03255591518792818,
        "r_5d": 0.06893819648915148,
        "r_20d": 0.1728717430411164,
        "r_60d": 0.1744574415572152,
        "r_120d": 0.07014895072183942,
        "r_ytd": 0.10488828496452339
      },
      "strength": {
        "short": 96,
        "mid": 86,
        "long": 47,
        "composite": 72
      },
      "rank": {
        "short": 7,
        "mid": 7,
        "long": 7,
        "composite": 7
      }
    },
    {
      "id": "ai_compute",
      "name": "AI算力",
      "us_etfs": [
        "THNQ",
        "AIQ",
        "QQQ"
      ],
      "primary_us": "THNQ",
      "tags": [
        "AI",
        "人工智能",
        "算力"
      ],
      "note": "",
      "returns": {
        "r_1d": 0.0037378942570721334,
        "r_5d": 0.024804559650365085,
        "r_20d": 0.16132726267893155,
        "r_60d": 0.2303670853267951,
        "r_120d": 0.25303662771696883,
        "r_ytd": 0.2221802600319047
      },
      "strength": {
        "short": 78,
        "mid": 93,
        "long": 71,
        "composite": 81
      },
      "rank": {
        "short": 5,
        "mid": 5,
        "long": 5,
        "composite": 5
      }
    },
    {
      "id": "energy_oil",
      "name": "原油/能源",
      "us_etfs": [
        "XLE",
        "USO"
      ],
      "primary_us": "XLE",
      "tags": [
        "原油",
        "能源"
      ],
      "note": "",
      "returns": {
        "r_1d": 0.0076058901460608055,
        "r_5d": 0.03719072573462173,
        "r_20d": 0.02599357589300423,
        "r_60d": 0.06483651526664569,
        "r_120d": 0.2713215813905791,
        "r_ytd": 0.24715803000560038
      },
      "strength": {
        "short": 86,
        "mid": 65,
        "long": 75,
        "composite": 73
      },
      "rank": {
        "short": 6,
        "mid": 6,
        "long": 6,
        "composite": 6
      }
    },
    {
      "id": "new_energy_vehicle",
      "name": "新能源车/锂电",
      "us_etfs": [
        "DRIV",
        "LIT",
        "HAIL"
      ],
      "primary_us": "DRIV",
      "tags": [
        "新能源车",
        "锂电池"
      ],
      "note": "",
      "returns": {
        "r_1d": -0.0025800012258518886,
        "r_5d": 0.04336762818984279,
        "r_20d": 0.1500993819570039,
        "r_60d": 0.21903093600415796,
        "r_120d": 0.3570454812678889,
        "r_ytd": 0.2884615210507132
      },
      "strength": {
        "short": 82,
        "mid": 89,
        "long": 88,
        "composite": 87
      },
      "rank": {
        "short": 3,
        "mid": 3,
        "long": 3,
        "composite": 3
      }
    },
    {
      "id": "robotics",
      "name": "机器人",
      "us_etfs": [
        "BOTZ",
        "ROBO",
        "ARKQ"
      ],
      "primary_us": "BOTZ",
      "tags": [
        "机器人",
        "智能制造"
      ],
      "note": "",
      "returns": {
        "r_1d": -0.012326491692883558,
        "r_5d": 0.03187415200604543,
        "r_20d": 0.1134454226020553,
        "r_60d": 0.06947932924496085,
        "r_120d": 0.19915963714319315,
        "r_ytd": 0.1134454226020553
      },
      "strength": {
        "short": 74,
        "mid": 76,
        "long": 62,
        "composite": 70
      },
      "rank": {
        "short": 8,
        "mid": 8,
        "long": 8,
        "composite": 8
      }
    },
    {
      "id": "gold_metals",
      "name": "黄金/有色",
      "us_etfs": [
        "GLD",
        "SLV",
        "PICK"
      ],
      "primary_us": "GLD",
      "tags": [
        "黄金",
        "贵金属",
        "有色"
      ],
      "note": "",
      "returns": {
        "r_1d": -0.007671648257758531,
        "r_5d": -0.010408880442585861,
        "r_20d": -0.02968082244514474,
        "r_60d": -0.07020467275173602,
        "r_120d": 0.1304563447844657,
        "r_ytd": 0.07012040315508053
      },
      "strength": {
        "short": 12,
        "mid": 16,
        "long": 51,
        "composite": 29
      },
      "rank": {
        "short": 13,
        "mid": 13,
        "long": 13,
        "composite": 13
      }
    },
    {
      "id": "china_internet",
      "name": "中概互联网/港股",
      "us_etfs": [
        "KWEB",
        "CQQQ"
      ],
      "primary_us": "KWEB",
      "tags": [
        "中概",
        "港股",
        "互联网"
      ],
      "note": "",
      "returns": {
        "r_1d": -0.046504427748675435,
        "r_5d": -0.010899279836871851,
        "r_20d": -0.03035644902594366,
        "r_60d": -0.1189999062413065,
        "r_120d": -0.18568510740556649,
        "r_ytd": -0.1990192741934196
      },
      "strength": {
        "short": 7,
        "mid": 8,
        "long": 14,
        "composite": 10
      },
      "rank": {
        "short": 14,
        "mid": 14,
        "long": 14,
        "composite": 14
      }
    },
    {
      "id": "financial",
      "name": "金融/券商银行",
      "us_etfs": [
        "XLF",
        "KBE",
        "KRE"
      ],
      "primary_us": "XLF",
      "tags": [
        "金融",
        "银行",
        "券商"
      ],
      "note": "",
      "returns": {
        "r_1d": 0.0058662512665614355,
        "r_5d": -0.005056376411786026,
        "r_20d": -0.014324632589493928,
        "r_60d": -0.019903005265530536,
        "r_120d": 0.003365774656740305,
        "r_ytd": -0.0634366007900312
      },
      "strength": {
        "short": 41,
        "mid": 33,
        "long": 30,
        "composite": 33
      },
      "rank": {
        "short": 12,
        "mid": 12,
        "long": 12,
        "composite": 12
      }
    },
    {
      "id": "solar_clean_energy",
      "name": "光伏/清洁能源",
      "us_etfs": [
        "TAN",
        "ICLN"
      ],
      "primary_us": "TAN",
      "tags": [
        "光伏",
        "清洁能源"
      ],
      "note": "",
      "returns": {
        "r_1d": 0.01770775672852437,
        "r_5d": 0.08328118339257622,
        "r_20d": 0.1756004667321296,
        "r_60d": 0.07213202070680606,
        "r_120d": 0.31036487750159886,
        "r_ytd": 0.2300960532141239
      },
      "strength": {
        "short": 93,
        "mid": 81,
        "long": 79,
        "composite": 83
      },
      "rank": {
        "short": 4,
        "mid": 4,
        "long": 4,
        "composite": 4
      }
    },
    {
      "id": "biotech",
      "name": "生物科技/创新药",