{
  "schema_version": "1.0",
  "generated_at": "2026-06-03T16:00:00+08:00",
  "themes": [
    {
      "id": "storage_dram",
      "name": "存储芯片",
      "us_etfs": [
        "DRAM",
        "SOXX",
        "SMH"
      ],
      "primary_us": "DRAM",
      "tags": [
        "DRAM",
        "NAND",
        "半导体"
      ],
      "note": "A股无纯存储基金, 用半导体宽主题替代",
      "returns": {
        "r_1d": 0.0020103308159858542,
        "r_5d": 0.1379059639931376,
        "r_20d": 0.40941779154367614,
        "r_60d": null,
        "r_120d": null,
        "r_ytd": 0.9207476224813089
      },
      "strength": {
        "short": 99,
        "mid": 96,
        "long": 99,
        "composite": 98
      },
      "rank": {
        "short": 1,
        "mid": 1,
        "long": 1,
        "composite": 1
      }
    },
    {
      "id": "semiconductor",
      "name": "半导体",
      "us_etfs": [
        "SOXX",
        "SMH",
        "XSD"
      ],
      "primary_us": "SOXX",
      "tags": [
        "半导体",
        "芯片"
      ],
      "note": "",
      "returns": {
        "r_1d": 0.017465778443674942,
        "r_5d": 0.08770858727982021,
        "r_20d": 0.24326981225786273,
        "r_60d": 0.6051314164652652,
        "r_120d": 0.6812273475161973,
        "r_ytd": 0.6749380041688172
      },
      "strength": {
        "short": 96,
        "mid": 99,
        "long": 96,
        "composite": 97
      },
      "rank": {
        "short": 2,
        "mid": 2,
        "long": 2,
        "composite": 2
      }
    },
    {
      "id": "cybersecurity",
      "name": "网络安全",
      "us_etfs": [
        "CIBR",
        "BUG"
      ],
      "primary_us": "CIBR",
      "tags": [
        "网络安全",
        "计算机"
      ],
      "note": "A股无纯网络安全 ETF, 映射纯度低",
      "returns": {
        "r_1d": -0.028498100994310875,
        "r_5d": 0.11098820763556455,
        "r_20d": 0.25734790042189026,
        "r_60d": 0.3260443230978436,
        "r_120d": 0.19669663791785857,
        "r_ytd": 0.2617698360983813
      },
      "strength": {
        "short": 93,
        "mid": 93,
        "long": 67,
        "composite": 83
      },
      "rank": {
        "short": 4,
        "mid": 4,
        "long": 4,
        "composite": 4
      }
    },
    {
      "id": "ai_compute",
      "name": "AI算力",
      "us_etfs": [
        "THNQ",
        "AIQ",
        "QQQ"
      ],
      "primary_us": "THNQ",
      "tags": [
        "AI",
        "人工智能",
        "算力"
      ],
      "note": "",
      "returns": {
        "r_1d": -0.022273573048687597,
        "r_5d": 0.06399924796317026,
        "r_20d": 0.18451064938616085,
        "r_60d": 0.39523986245105747,
        "r_120d": 0.32516983672964095,
        "r_ytd": 0.3509433761486583
      },
      "strength": {
        "short": 86,
        "mid": 89,
        "long": 85,
        "composite": 87
      },
      "rank": {
        "short": 3,
        "mid": 3,
        "long": 3,
        "composite": 3
      }
    },
    {
      "id": "energy_oil",
      "name": "原油/能源",
      "us_etfs": [
        "XLE",
        "USO"
      ],
      "primary_us": "XLE",
      "tags": [
        "原油",
        "能源"
      ],
      "note": "",
      "returns": {
        "r_1d": 0.012856952825399514,
        "r_5d": 0.02973421118317243,
        "r_20d": -0.012525581488053753,
        "r_60d": 0.04807279257226439,
        "r_120d": 0.26551236008345414,
        "r_ytd": 0.2581189103589837
      },
      "strength": {
        "short": 89,
        "mid": 57,
        "long": 72,
        "composite": 69
      },
      "rank": {
        "short": 7,
        "mid": 7,
        "long": 7,
        "composite": 7
      }
    },
    {
      "id": "new_energy_vehicle",
      "name": "新能源车/锂电",
      "us_etfs": [
        "DRIV",
        "LIT",
        "HAIL"
      ],
      "primary_us": "DRIV",
      "tags": [
        "新能源车",
        "锂电池"
      ],
      "note": "",
      "returns": {
        "r_1d": -0.010423239998965387,
        "r_5d": 0.01737554160630037,
        "r_20d": 0.0938666601834478,
        "r_60d": 0.3151981359237065,
        "r_120d": 0.3354627203232942,
        "r_ytd": 0.32337212315410346
      },
      "strength": {
        "short": 73,
        "mid": 86,
        "long": 81,
        "composite": 81
      },
      "rank": {
        "short": 5,
        "mid": 5,
        "long": 5,
        "composite": 5
      }
    },
    {
      "id": "robotics",
      "name": "机器人",
      "us_etfs": [
        "BOTZ",
        "ROBO",
        "ARKQ"
      ],
      "primary_us": "BOTZ",
      "tags": [
        "机器人",
        "智能制造"
      ],
      "note": "",
      "returns": {
        "r_1d": -0.00914600202100838,
        "r_5d": 0.0049788691987380914,
        "r_20d": 0.03847603043136892,
        "r_60d": 0.10959096334804508,
        "r_120d": 0.09224591906475643,
        "r_ytd": 0.09255761366143583
      },
      "strength": {
        "short": 43,
        "mid": 74,
        "long": 54,
        "composite": 60
      },
      "rank": {
        "short": 8,
        "mid": 8,
        "long": 8,
        "composite": 8
      }
    },
    {
      "id": "gold_metals",
      "name": "黄金/有色",
      "us_etfs": [
        "GLD",
        "SLV",
        "PICK"
      ],
      "primary_us": "GLD",
      "tags": [
        "黄金",
        "贵金属",
        "有色"
      ],
      "note": "",
      "returns": {
        "r_1d": -0.009953528184733784,
        "r_5d": -0.001518926080438958,
        "r_20d": -0.02517864653887806,
        "r_60d": -0.14715275018924162,
        "r_120d": 0.051490748991355965,
        "r_ytd": 0.02379321175423113
      },
      "strength": {
        "short": 29,
        "mid": 7,
        "long": 39,
        "composite": 24
      },
      "rank": {
        "short": 13,
        "mid": 13,
        "long": 13,
        "composite": 13
      }
    },
    {
      "id": "china_internet",
      "name": "中概互联网/港股",
      "us_etfs": [
        "KWEB",
        "CQQQ"
      ],
      "primary_us": "KWEB",
      "tags": [
        "中概",
        "港股",
        "互联网"
      ],
      "note": "",
      "returns": {
        "r_1d": -0.03996933915183292,
        "r_5d": 0.006634686964525449,
        "r_20d": -0.04700421729535109,
        "r_60d": -0.11508535777091265,
        "r_120d": -0.2494468424852732,
        "r_ytd": -0.26923603759817083
      },
      "strength": {
        "short": 11,
        "mid": 11,
        "long": 11,
        "composite": 11
      },
      "rank": {
        "short": 14,
        "mid": 14,
        "long": 14,
        "composite": 14
      }
    },
    {
      "id": "financial",
      "name": "金融/券商银行",
      "us_etfs": [
        "XLF",
        "KBE",
        "KRE"
      ],
      "primary_us": "XLF",
      "tags": [
        "金融",
        "银行",
        "券商"
      ],
      "note": "",
      "returns": {
        "r_1d": -0.011531451224833926,
        "r_5d": -0.010753828390250818,
        "r_20d": -0.014054520376545579,
        "r_60d": 0.01579920684666444,
        "r_120d": -0.037671521694827806,
        "r_ytd": -0.07165908220350883
      },
      "strength": {
        "short": 18,
        "mid": 47,
        "long": 27,
        "composite": 33
      },
      "rank": {
        "short": 11,
        "mid": 11,
        "long": 11,
        "composite": 11
      }
    },
    {
      "id": "solar_clean_energy",
      "name": "光伏/清洁能源",
      "us_etfs": [
        "TAN",
        "ICLN"
      ],
      "primary_us": "TAN",
      "tags": [
        "光伏",
        "清洁能源"
      ],
      "note": "",
      "returns": {
        "r_1d": -0.02777950463218276,
        "r_5d": -0.0031250198149774607,
        "r_20d": 0.1465211401508111,
        "r_60d": 0.26179539656516554,
        "r_120d": 0.3925315959343345,
        "r_ytd": 0.30910791129659526
      },
      "strength": {
        "short": 14,
        "mid": 82,
        "long": 89,
        "composite": 71
      },
      "rank": {
        "short": 6,
        "mid": 6,
        "long": 6,
        "composite": 6
      }
    },
    {
      "id": "biotech",
      "name": "生物科技/创新药",