{
  "schema_version": "1.0",
  "generated_at": "2026-05-26T16:00:00+08:00",
  "themes": [
    {
      "id": "storage_dram",
      "name": "存储芯片",
      "us_etfs": [
        "DRAM",
        "SOXX",
        "SMH"
      ],
      "primary_us": "DRAM",
      "tags": [
        "DRAM",
        "NAND",
        "半导体"
      ],
      "note": "A股无纯存储基金, 用半导体宽主题替代",
      "returns": {
        "r_1d": 0.1359187118042315,
        "r_5d": 0.20447894078708614,
        "r_20d": 0.45033384858768316,
        "r_60d": null,
        "r_120d": null,
        "r_ytd": 0.7792124690119351
      },
      "strength": {
        "short": 99,
        "mid": 99,
        "long": 99,
        "composite": 99
      },
      "rank": {
        "short": 1,
        "mid": 1,
        "long": 1,
        "composite": 1
      }
    },
    {
      "id": "semiconductor",
      "name": "半导体",
      "us_etfs": [
        "SOXX",
        "SMH",
        "XSD"
      ],
      "primary_us": "SOXX",
      "tags": [
        "半导体",
        "芯片"
      ],
      "note": "",
      "returns": {
        "r_1d": 0.05918179802876908,
        "r_5d": 0.1394805207575026,
        "r_20d": 0.22459620329147714,
        "r_60d": 0.4819554591876465,
        "r_120d": 0.6544115686674544,
        "r_ytd": 0.5980050072350747
      },
      "strength": {
        "short": 96,
        "mid": 96,
        "long": 96,
        "composite": 96
      },
      "rank": {
        "short": 2,
        "mid": 2,
        "long": 2,
        "composite": 2
      }
    },
    {
      "id": "cybersecurity",
      "name": "网络安全",
      "us_etfs": [
        "CIBR",
        "BUG"
      ],
      "primary_us": "CIBR",
      "tags": [
        "网络安全",
        "计算机"
      ],
      "note": "A股无纯网络安全 ETF, 映射纯度低",
      "returns": {
        "r_1d": 0.002370285242292548,
        "r_5d": 0.04305387002279807,
        "r_20d": 0.22364675011041169,
        "r_60d": 0.29654710303968695,
        "r_120d": 0.15342291013290302,
        "r_ytd": 0.18008954379349337
      },
      "strength": {
        "short": 71,
        "mid": 93,
        "long": 63,
        "composite": 77
      },
      "rank": {
        "short": 6,
        "mid": 6,
        "long": 6,
        "composite": 6
      }
    },
    {
      "id": "ai_compute",
      "name": "AI算力",
      "us_etfs": [
        "THNQ",
        "AIQ",
        "QQQ"
      ],
      "primary_us": "THNQ",
      "tags": [
        "AI",
        "人工智能",
        "算力"
      ],
      "note": "",
      "returns": {
        "r_1d": 0.023368228004817474,
        "r_5d": 0.10520682129126288,
        "r_20d": 0.19424658492382751,
        "r_60d": 0.3251208460700237,
        "r_120d": 0.2996727258048601,
        "r_ytd": 0.29772621969659824
      },
      "strength": {
        "short": 89,
        "mid": 89,
        "long": 80,
        "composite": 85
      },
      "rank": {
        "short": 5,
        "mid": 5,
        "long": 5,
        "composite": 5
      }
    },
    {
      "id": "energy_oil",
      "name": "原油/能源",
      "us_etfs": [
        "XLE",
        "USO"
      ],
      "primary_us": "XLE",
      "tags": [
        "原油",
        "能源"
      ],
      "note": "",
      "returns": {
        "r_1d": -0.027954832150868546,
        "r_5d": -0.04611140856127688,
        "r_20d": 0.01884540201709986,
        "r_60d": 0.040443852134326205,
        "r_120d": 0.2516315049060696,
        "r_ytd": 0.24336228314016384
      },
      "strength": {
        "short": 4,
        "mid": 61,
        "long": 71,
        "composite": 54
      },
      "rank": {
        "short": 10,
        "mid": 10,
        "long": 10,
        "composite": 10
      }
    },
    {
      "id": "new_energy_vehicle",
      "name": "新能源车/锂电",
      "us_etfs": [
        "DRIV",
        "LIT",
        "HAIL"
      ],
      "primary_us": "DRIV",
      "tags": [
        "新能源车",
        "锂电池"
      ],
      "note": "",
      "returns": {
        "r_1d": 0.030587922696404878,
        "r_5d": 0.07514988245441646,
        "r_20d": 0.13607214607450596,
        "r_60d": 0.24351288030461302,
        "r_120d": 0.3621342586848031,
        "r_ytd": 0.3131271147598238
      },
      "strength": {
        "short": 86,
        "mid": 82,
        "long": 89,
        "composite": 86
      },
      "rank": {
        "short": 4,
        "mid": 4,
        "long": 4,
        "composite": 4
      }
    },
    {
      "id": "robotics",
      "name": "机器人",
      "us_etfs": [
        "BOTZ",
        "ROBO",
        "ARKQ"
      ],
      "primary_us": "BOTZ",
      "tags": [
        "机器人",
        "智能制造"
      ],
      "note": "",
      "returns": {
        "r_1d": 0.015026778429613846,
        "r_5d": 0.02650965719100917,
        "r_20d": 0.06073158945278737,
        "r_60d": 0.047055753429829074,
        "r_120d": 0.1529731387507655,
        "r_ytd": 0.10808092778701903
      },
      "strength": {
        "short": 68,
        "mid": 71,
        "long": 57,
        "composite": 65
      },
      "rank": {
        "short": 7,
        "mid": 7,
        "long": 7,
        "composite": 7
      }
    },
    {
      "id": "gold_metals",
      "name": "黄金/有色",
      "us_etfs": [
        "GLD",
        "SLV",
        "PICK"
      ],
      "primary_us": "GLD",
      "tags": [
        "黄金",
        "贵金属",
        "有色"
      ],
      "note": "",
      "returns": {
        "r_1d": 0.0004348594550147071,
        "r_5d": -0.010643620571746504,
        "r_20d": -0.03766342225768466,
        "r_60d": -0.1557022705186772,
        "r_120d": 0.060360465887428494,
        "r_ytd": 0.03871070137036796
      },
      "strength": {
        "short": 16,
        "mid": 6,
        "long": 40,
        "composite": 22
      },
      "rank": {
        "short": 13,
        "mid": 13,
        "long": 13,
        "composite": 13
      }
    },
    {
      "id": "china_internet",
      "name": "中概互联网/港股",
      "us_etfs": [
        "KWEB",
        "CQQQ"
      ],
      "primary_us": "KWEB",
      "tags": [
        "中概",
        "港股",
        "互联网"
      ],
      "note": "",
      "returns": {
        "r_1d": 0.012922475596128639,
        "r_5d": -0.028924620976974007,
        "r_20d": -0.039559288520852075,
        "r_60d": -0.13050036586151653,
        "r_120d": -0.2727631110691353,
        "r_ytd": -0.26776757493108005
      },
      "strength": {
        "short": 9,
        "mid": 10,
        "long": 10,
        "composite": 10
      },
      "rank": {
        "short": 14,
        "mid": 14,
        "long": 14,
        "composite": 14
      }
    },
    {
      "id": "financial",
      "name": "金融/券商银行",
      "us_etfs": [
        "XLF",
        "KBE",
        "KRE"
      ],
      "primary_us": "XLF",
      "tags": [
        "金融",
        "银行",
        "券商"
      ],
      "note": "",
      "returns": {
        "r_1d": -0.0017342745478315794,
        "r_5d": 0.0021236960485279837,
        "r_20d": 0.0007716979138312702,
        "r_60d": 0.013260414044981772,
        "r_120d": -0.011243217514456089,
        "r_ytd": -0.05257751479440433
      },
      "strength": {
        "short": 40,
        "mid": 46,
        "long": 29,
        "composite": 38
      },
      "rank": {
        "short": 12,
        "mid": 12,
        "long": 12,
        "composite": 12
      }
    },
    {
      "id": "solar_clean_energy",
      "name": "光伏/清洁能源",
      "us_etfs": [
        "TAN",
        "ICLN"
      ],
      "primary_us": "TAN",
      "tags": [
        "光伏",
        "清洁能源"
      ],
      "note": "",
      "returns": {
        "r_1d": 0.04462978018971716,
        "r_5d": 0.09660159357354231,
        "r_20d": 0.16125728190804933,
        "r_60d": 0.22619342784675814,
        "r_120d": 0.36985388140387543,
        "r_ytd": 0.2900049701630089
      },
      "strength": {
        "short": 93,
        "mid": 86,
        "long": 85,
        "composite": 87
      },
      "rank": {
        "short": 3,
        "mid": 3,
        "long": 3,
        "composite": 3
      }
    },
    {
      "id": "biotech",
      "name": "生物科技/创新药",