{
  "schema_version": "1.0",
  "generated_at": "2026-04-22T16:00:00+08:00",
  "themes": [
    {
      "id": "storage_dram",
      "name": "存储芯片",
      "us_etfs": [
        "DRAM",
        "SOXX",
        "SMH"
      ],
      "primary_us": "DRAM",
      "tags": [
        "DRAM",
        "NAND",
        "半导体"
      ],
      "note": "A股无纯存储基金, 用半导体宽主题替代",
      "returns": {
        "r_1d": 0.06564723864010658,
        "r_5d": 0.07890389025336185,
        "r_20d": null,
        "r_60d": null,
        "r_120d": null,
        "r_ytd": 0.2953971623120022
      },
      "strength": {
        "short": 99,
        "mid": 0,
        "long": 87,
        "composite": 55
      },
      "rank": {
        "short": 9,
        "mid": 9,
        "long": 9,
        "composite": 9
      }
    },
    {
      "id": "semiconductor",
      "name": "半导体",
      "us_etfs": [
        "SOXX",
        "SMH",
        "XSD"
      ],
      "primary_us": "SOXX",
      "tags": [
        "半导体",
        "芯片"
      ],
      "note": "",
      "returns": {
        "r_1d": 0.02597300584290089,
        "r_5d": 0.07178929358824454,
        "r_20d": 0.23595195216652548,
        "r_60d": 0.23057439569526794,
        "r_120d": 0.3514662023624495,
        "r_ytd": 0.3201037204915732
      },
      "strength": {
        "short": 96,
        "mid": 99,
        "long": 92,
        "composite": 96
      },
      "rank": {
        "short": 1,
        "mid": 1,
        "long": 1,
        "composite": 1
      }
    },
    {
      "id": "cybersecurity",
      "name": "网络安全",
      "us_etfs": [
        "CIBR",
        "BUG"
      ],
      "primary_us": "CIBR",
      "tags": [
        "网络安全",
        "计算机"
      ],
      "note": "A股无纯网络安全 ETF, 映射纯度低",
      "returns": {
        "r_1d": 0.012705577529098296,
        "r_5d": 0.06582615728482362,
        "r_20d": 0.09013492015159282,
        "r_60d": -0.04337657203659918,
        "r_120d": -0.12044595520162163,
        "r_ytd": -0.023623957388405496
      },
      "strength": {
        "short": 89,
        "mid": 53,
        "long": 26,
        "composite": 49
      },
      "rank": {
        "short": 10,
        "mid": 10,
        "long": 10,
        "composite": 10
      }
    },
    {
      "id": "ai_compute",
      "name": "AI算力",
      "us_etfs": [
        "THNQ",
        "AIQ",
        "QQQ"
      ],
      "primary_us": "THNQ",
      "tags": [
        "AI",
        "人工智能",
        "算力"
      ],
      "note": "",
      "returns": {
        "r_1d": 0.016364310710528567,
        "r_5d": 0.05514268762017123,
        "r_20d": 0.1672851558068208,
        "r_60d": 0.07076856169785939,
        "r_120d": 0.047422279383204584,
        "r_ytd": 0.10082939610647375
      },
      "strength": {
        "short": 82,
        "mid": 87,
        "long": 53,
        "composite": 72
      },
      "rank": {
        "short": 6,
        "mid": 6,
        "long": 6,
        "composite": 6
      }
    },
    {
      "id": "energy_oil",
      "name": "原油/能源",
      "us_etfs": [
        "XLE",
        "USO"
      ],
      "primary_us": "XLE",
      "tags": [
        "原油",
        "能源"
      ],
      "note": "",
      "returns": {
        "r_1d": 0.011920824104814093,
        "r_5d": 0.013891632107364531,
        "r_20d": -0.0732991014411072,
        "r_60d": 0.14516079950287594,
        "r_120d": 0.273058740039027,
        "r_ytd": 0.22045722433495477
      },
      "strength": {
        "short": 71,
        "mid": 65,
        "long": 82,
        "composite": 73
      },
      "rank": {
        "short": 5,
        "mid": 5,
        "long": 5,
        "composite": 5
      }
    },
    {
      "id": "new_energy_vehicle",
      "name": "新能源车/锂电",
      "us_etfs": [
        "DRIV",
        "LIT",
        "HAIL"
      ],
      "primary_us": "DRIV",
      "tags": [
        "新能源车",
        "锂电池"
      ],
      "note": "",
      "returns": {
        "r_1d": 0.01129702720103622,
        "r_5d": 0.04591604923979982,
        "r_20d": 0.16212776191807454,
        "r_60d": 0.08606174409546491,
        "r_120d": 0.1709538775322265,
        "r_ytd": 0.1611424184454276
      },
      "strength": {
        "short": 79,
        "mid": 91,
        "long": 74,
        "composite": 82
      },
      "rank": {
        "short": 3,
        "mid": 3,
        "long": 3,
        "composite": 3
      }
    },
    {
      "id": "robotics",
      "name": "机器人",
      "us_etfs": [
        "BOTZ",
        "ROBO",
        "ARKQ"
      ],
      "primary_us": "BOTZ",
      "tags": [
        "机器人",
        "智能制造"
      ],
      "note": "",
      "returns": {
        "r_1d": 0.017002089443258626,
        "r_5d": 0.017274367546595382,
        "r_20d": 0.09981588046833013,
        "r_60d": -0.01566473470828006,
        "r_120d": -0.013987112482562776,
        "r_ytd": 0.017819042345945474
      },
      "strength": {
        "short": 75,
        "mid": 70,
        "long": 43,
        "composite": 60
      },
      "rank": {
        "short": 8,
        "mid": 8,
        "long": 8,
        "composite": 8
      }
    },
    {
      "id": "gold_metals",
      "name": "黄金/有色",
      "us_etfs": [
        "GLD",
        "SLV",
        "PICK"
      ],
      "primary_us": "GLD",
      "tags": [
        "黄金",
        "贵金属",
        "有色"
      ],
      "note": "",
      "returns": {
        "r_1d": 0.01315885071808192,
        "r_5d": -0.011876039828526396,
        "r_20d": 0.07420695566135532,
        "r_60d": -0.06544848623733665,
        "r_120d": 0.17774628358435368,
        "r_ytd": 0.0887883036672767
      },
      "strength": {
        "short": 43,
        "mid": 38,
        "long": 64,
        "composite": 49
      },
      "rank": {
        "short": 11,
        "mid": 11,
        "long": 11,
        "composite": 11
      }
    },
    {
      "id": "china_internet",
      "name": "中概互联网/港股",
      "us_etfs": [
        "KWEB",
        "CQQQ"
      ],
      "primary_us": "KWEB",
      "tags": [
        "中概",
        "港股",
        "互联网"
      ],
      "note": "",
      "returns": {
        "r_1d": -0.006139183915197918,
        "r_5d": -0.013929216373321772,
        "r_20d": 0.03304069815378317,
        "r_60d": -0.20331082465045597,
        "r_120d": -0.2806994516477762,
        "r_ytd": -0.19799244613331263
      },
      "strength": {
        "short": 8,
        "mid": 7,
        "long": 11,
        "composite": 9
      },
      "rank": {
        "short": 14,
        "mid": 14,
        "long": 14,
        "composite": 14
      }
    },
    {
      "id": "financial",
      "name": "金融/券商银行",
      "us_etfs": [
        "XLF",
        "KBE",
        "KRE"
      ],
      "primary_us": "XLF",
      "tags": [
        "金融",
        "银行",
        "券商"
      ],
      "note": "",
      "returns": {
        "r_1d": -0.001722326596142498,
        "r_5d": 0.0007664479505285208,
        "r_20d": 0.05775573543247953,
        "r_60d": -0.017596745711829235,
        "r_120d": -0.0062130604079831345,
        "r_ytd": -0.04565839015424244
      },
      "strength": {
        "short": 33,
        "mid": 48,
        "long": 33,
        "composite": 39
      },
      "rank": {
        "short": 12,
        "mid": 12,
        "long": 12,
        "composite": 12
      }
    },
    {
      "id": "solar_clean_energy",
      "name": "光伏/清洁能源",
      "us_etfs": [
        "TAN",
        "ICLN"
      ],
      "primary_us": "TAN",
      "tags": [
        "光伏",
        "清洁能源"
      ],
      "note": "",
      "returns": {
        "r_1d": 0.04207940632699715,
        "r_5d": 0.030442922483865254,
        "r_20d": 0.028456454826548502,
        "r_60d": 0.03424622479357376,
        "r_120d": 0.1630450696801491,
        "r_ytd": 0.10005578084764863
      },
      "strength": {
        "short": 86,
        "mid": 60,
        "long": 61,
        "composite": 66
      },
      "rank": {
        "short": 7,
        "mid": 7,
        "long": 7,
        "composite": 7
      }
    },
    {
      "id": "biotech",
      "name": "生物科技/创新药",