{
  "schema_version": "1.0",
  "generated_at": "2026-05-25T16:00:00+08:00",
  "themes": [
    {
      "id": "storage_dram",
      "name": "存储芯片",
      "us_etfs": [
        "DRAM",
        "SOXX",
        "SMH"
      ],
      "primary_us": "DRAM",
      "tags": [
        "DRAM",
        "NAND",
        "半导体"
      ],
      "note": "A股无纯存储基金, 用半导体宽主题替代",
      "returns": {
        "r_1d": -0.02837070571489292,
        "r_5d": 0.033105433742316046,
        "r_20d": 0.3505811193031046,
        "r_60d": null,
        "r_120d": null,
        "r_ytd": 0.6432937572077037
      },
      "strength": {
        "short": 51,
        "mid": 99,
        "long": 99,
        "composite": 89
      },
      "rank": {
        "short": 2,
        "mid": 2,
        "long": 2,
        "composite": 2
      }
    },
    {
      "id": "semiconductor",
      "name": "半导体",
      "us_etfs": [
        "SOXX",
        "SMH",
        "XSD"
      ],
      "primary_us": "SOXX",
      "tags": [
        "半导体",
        "芯片"
      ],
      "note": "",
      "returns": {
        "r_1d": 0.023766706541147046,
        "r_5d": 0.05510799969836623,
        "r_20d": 0.15191377892196778,
        "r_60d": 0.4100530115827157,
        "r_120d": 0.5958362618029587,
        "r_ytd": 0.5388232092063056
      },
      "strength": {
        "short": 93,
        "mid": 96,
        "long": 96,
        "composite": 95
      },
      "rank": {
        "short": 1,
        "mid": 1,
        "long": 1,
        "composite": 1
      }
    },
    {
      "id": "cybersecurity",
      "name": "网络安全",
      "us_etfs": [
        "CIBR",
        "BUG"
      ],
      "primary_us": "CIBR",
      "tags": [
        "网络安全",
        "计算机"
      ],
      "note": "A股无纯网络安全 ETF, 映射纯度低",
      "returns": {
        "r_1d": 0.025597711394508955,
        "r_5d": 0.06406397219119557,
        "r_20d": 0.22587629768190653,
        "r_60d": 0.2790322074010954,
        "r_120d": 0.13930709746246528,
        "r_ytd": 0.17771925855120072
      },
      "strength": {
        "short": 96,
        "mid": 93,
        "long": 63,
        "composite": 82
      },
      "rank": {
        "short": 5,
        "mid": 5,
        "long": 5,
        "composite": 5
      }
    },
    {
      "id": "ai_compute",
      "name": "AI算力",
      "us_etfs": [
        "THNQ",
        "AIQ",
        "QQQ"
      ],
      "primary_us": "THNQ",
      "tags": [
        "AI",
        "人工智能",
        "算力"
      ],
      "note": "",
      "returns": {
        "r_1d": 0.027403246921403383,
        "r_5d": 0.07260643658495186,
        "r_20d": 0.1589072649178942,
        "r_60d": 0.27996461929673144,
        "r_120d": 0.27222867450907245,
        "r_ytd": 0.2743579916917809
      },
      "strength": {
        "short": 99,
        "mid": 89,
        "long": 79,
        "composite": 87
      },
      "rank": {
        "short": 3,
        "mid": 3,
        "long": 3,
        "composite": 3
      }
    },
    {
      "id": "energy_oil",
      "name": "原油/能源",
      "us_etfs": [
        "XLE",
        "USO"
      ],
      "primary_us": "XLE",
      "tags": [
        "原油",
        "能源"
      ],
      "note": "",
      "returns": {
        "r_1d": 0.0060698315174970725,
        "r_5d": 0.0008408821083975878,
        "r_20d": 0.04504031687707288,
        "r_60d": 0.08407886145514652,
        "r_120d": 0.28915896105415645,
        "r_ytd": 0.2713171152910325
      },
      "strength": {
        "short": 58,
        "mid": 73,
        "long": 83,
        "composite": 74
      },
      "rank": {
        "short": 7,
        "mid": 7,
        "long": 7,
        "composite": 7
      }
    },
    {
      "id": "new_energy_vehicle",
      "name": "新能源车/锂电",
      "us_etfs": [
        "DRIV",
        "LIT",
        "HAIL"
      ],
      "primary_us": "DRIV",
      "tags": [
        "新能源车",
        "锂电池"
      ],
      "note": "",
      "returns": {
        "r_1d": 0.02315930650326947,
        "r_5d": 0.027474535105054956,
        "r_20d": 0.11243901470801951,
        "r_60d": 0.1972172073134857,
        "r_120d": 0.3200153834309079,
        "r_ytd": 0.2825391920634189
      },
      "strength": {
        "short": 89,
        "mid": 85,
        "long": 87,
        "composite": 87
      },
      "rank": {
        "short": 4,
        "mid": 4,
        "long": 4,
        "composite": 4
      }
    },
    {
      "id": "robotics",
      "name": "机器人",
      "us_etfs": [
        "BOTZ",
        "ROBO",
        "ARKQ"
      ],
      "primary_us": "BOTZ",
      "tags": [
        "机器人",
        "智能制造"
      ],
      "note": "",
      "returns": {
        "r_1d": 0.016012335362132958,
        "r_5d": 0.001490347343661946,
        "r_20d": 0.07550269222901929,
        "r_60d": 0.019802650019618073,
        "r_120d": 0.14021851311959904,
        "r_ytd": 0.09305414935740544
      },
      "strength": {
        "short": 74,
        "mid": 66,
        "long": 56,
        "composite": 64
      },
      "rank": {
        "short": 8,
        "mid": 8,
        "long": 8,
        "composite": 8
      }
    },
    {
      "id": "gold_metals",
      "name": "黄金/有色",
      "us_etfs": [
        "GLD",
        "SLV",
        "PICK"
      ],
      "primary_us": "GLD",
      "tags": [
        "黄金",
        "贵金属",
        "有色"
      ],
      "note": "",
      "returns": {
        "r_1d": -0.007631102906282901,
        "r_5d": -0.008350329841889215,
        "r_20d": -0.045883814225415924,
        "r_60d": -0.14309118286551853,
        "r_120d": 0.06473508834549246,
        "r_ytd": 0.038275841915353125
      },
      "strength": {
        "short": 9,
        "mid": 10,
        "long": 40,
        "composite": 22
      },
      "rank": {
        "short": 13,
        "mid": 13,
        "long": 13,
        "composite": 13
      }
    },
    {
      "id": "china_internet",
      "name": "中概互联网/港股",
      "us_etfs": [
        "KWEB",
        "CQQQ"
      ],
      "primary_us": "KWEB",
      "tags": [
        "中概",
        "港股",
        "互联网"
      ],
      "note": "",
      "returns": {
        "r_1d": -0.026404149492822684,
        "r_5d": -0.0457596255281114,
        "r_20d": -0.06891854993546208,
        "r_60d": -0.15621890946030706,
        "r_120d": -0.2745684788247654,
        "r_ytd": -0.28069005052720875
      },
      "strength": {
        "short": 4,
        "mid": 5,
        "long": 10,
        "composite": 7
      },
      "rank": {
        "short": 14,
        "mid": 14,
        "long": 14,
        "composite": 14
      }
    },
    {
      "id": "financial",
      "name": "金融/券商银行",
      "us_etfs": [
        "XLF",
        "KBE",
        "KRE"
      ],
      "primary_us": "XLF",
      "tags": [
        "金融",
        "银行",
        "券商"
      ],
      "note": "",
      "returns": {
        "r_1d": 0.0040513046283228125,
        "r_5d": 0.016304712445637505,
        "r_20d": 0.01006201356668517,
        "r_60d": -0.005596775931781635,
        "r_120d": -0.0177936960607339,
        "r_ytd": -0.05084324024657282
      },
      "strength": {
        "short": 78,
        "mid": 44,
        "long": 29,
        "composite": 45
      },
      "rank": {
        "short": 12,
        "mid": 12,
        "long": 12,
        "composite": 12
      }
    },
    {
      "id": "solar_clean_energy",
      "name": "光伏/清洁能源",
      "us_etfs": [
        "TAN",
        "ICLN"
      ],
      "primary_us": "TAN",
      "tags": [
        "光伏",
        "清洁能源"
      ],
      "note": "",
      "returns": {
        "r_1d": 0.01666572260004767,
        "r_5d": 0.015125151129798576,
        "r_20d": 0.12295175042189005,
        "r_60d": 0.13572151590529694,
        "r_120d": 0.2989149614580148,
        "r_ytd": 0.24537518997329183
      },
      "strength": {
        "short": 82,
        "mid": 81,
        "long": 76,
        "composite": 79
      },
      "rank": {
        "short": 6,
        "mid": 6,
        "long": 6,
        "composite": 6
      }
    },
    {
      "id": "biotech",
      "name": "生物科技/创新药",