{
  "schema_version": "1.0",
  "generated_at": "2026-05-15T16:00:00+08:00",
  "themes": [
    {
      "id": "storage_dram",
      "name": "存储芯片",
      "us_etfs": [
        "DRAM",
        "SOXX",
        "SMH"
      ],
      "primary_us": "DRAM",
      "tags": [
        "DRAM",
        "NAND",
        "半导体"
      ],
      "note": "A股无纯存储基金, 用半导体宽主题替代",
      "returns": {
        "r_1d": -0.05130312595653718,
        "r_5d": -0.03272670891359045,
        "r_20d": 0.36171976353953195,
        "r_60d": null,
        "r_120d": null,
        "r_ytd": 0.6101883234653878
      },
      "strength": {
        "short": 7,
        "mid": 99,
        "long": 99,
        "composite": 81
      },
      "rank": {
        "short": 3,
        "mid": 3,
        "long": 3,
        "composite": 3
      }
    },
    {
      "id": "semiconductor",
      "name": "半导体",
      "us_etfs": [
        "SOXX",
        "SMH",
        "XSD"
      ],
      "primary_us": "SOXX",
      "tags": [
        "半导体",
        "芯片"
      ],
      "note": "",
      "returns": {
        "r_1d": -0.04142911331446397,
        "r_5d": -0.022901032918558623,
        "r_20d": 0.20151660446069858,
        "r_60d": 0.35763922181504726,
        "r_120d": 0.6422245581923924,
        "r_ytd": 0.4837152095079392
      },
      "strength": {
        "short": 14,
        "mid": 96,
        "long": 95,
        "composite": 79
      },
      "rank": {
        "short": 4,
        "mid": 4,
        "long": 4,
        "composite": 4
      }
    },
    {
      "id": "cybersecurity",
      "name": "网络安全",
      "us_etfs": [
        "CIBR",
        "BUG"
      ],
      "primary_us": "CIBR",
      "tags": [
        "网络安全",
        "计算机"
      ],
      "note": "A股无纯网络安全 ETF, 映射纯度低",
      "returns": {
        "r_1d": 0.008767001395481786,
        "r_5d": 0.048334902523663535,
        "r_20d": 0.1731794012183098,
        "r_60d": 0.18352773787872756,
        "r_120d": 0.10486978973729029,
        "r_ytd": 0.11365528636000516
      },
      "strength": {
        "short": 96,
        "mid": 93,
        "long": 56,
        "composite": 79
      },
      "rank": {
        "short": 5,
        "mid": 5,
        "long": 5,
        "composite": 5
      }
    },
    {
      "id": "ai_compute",
      "name": "AI算力",
      "us_etfs": [
        "THNQ",
        "AIQ",
        "QQQ"
      ],
      "primary_us": "THNQ",
      "tags": [
        "AI",
        "人工智能",
        "算力"
      ],
      "note": "",
      "returns": {
        "r_1d": -0.02042870492507565,
        "r_5d": -0.00324417784476064,
        "r_20d": 0.13043180700095652,
        "r_60d": 0.2079830397964297,
        "r_120d": 0.2763914395189494,
        "r_ytd": 0.20175155510682907
      },
      "strength": {
        "short": 36,
        "mid": 89,
        "long": 71,
        "composite": 71
      },
      "rank": {
        "short": 7,
        "mid": 7,
        "long": 7,
        "composite": 7
      }
    },
    {
      "id": "energy_oil",
      "name": "原油/能源",
      "us_etfs": [
        "XLE",
        "USO"
      ],
      "primary_us": "XLE",
      "tags": [
        "原油",
        "能源"
      ],
      "note": "",
      "returns": {
        "r_1d": 0.02331820317703447,
        "r_5d": 0.06498721667514874,
        "r_20d": 0.0772706134893054,
        "r_60d": 0.08087923925683489,
        "r_120d": 0.3060531417660599,
        "r_ytd": 0.27047623318263475
      },
      "strength": {
        "short": 99,
        "mid": 75,
        "long": 80,
        "composite": 82
      },
      "rank": {
        "short": 2,
        "mid": 2,
        "long": 2,
        "composite": 2
      }
    },
    {
      "id": "new_energy_vehicle",
      "name": "新能源车/锂电",
      "us_etfs": [
        "DRIV",
        "LIT",
        "HAIL"
      ],
      "primary_us": "DRIV",
      "tags": [
        "新能源车",
        "锂电池"
      ],
      "note": "",
      "returns": {
        "r_1d": -0.03339686409234907,
        "r_5d": -0.012639197139686397,
        "r_20d": 0.09792615655815233,
        "r_60d": 0.19270351454031232,
        "r_120d": 0.35836012826281965,
        "r_ytd": 0.2550646569583641
      },
      "strength": {
        "short": 32,
        "mid": 85,
        "long": 88,
        "composite": 76
      },
      "rank": {
        "short": 6,
        "mid": 6,
        "long": 6,
        "composite": 6
      }
    },
    {
      "id": "robotics",
      "name": "机器人",
      "us_etfs": [
        "BOTZ",
        "ROBO",
        "ARKQ"
      ],
      "primary_us": "BOTZ",
      "tags": [
        "机器人",
        "智能制造"
      ],
      "note": "",
      "returns": {
        "r_1d": -0.021881620588312015,
        "r_5d": -0.02987492540453089,
        "r_20d": 0.07267493030177713,
        "r_60d": 0.04032498103456317,
        "r_120d": 0.19999269373197998,
        "r_ytd": 0.09156380201374344
      },
      "strength": {
        "short": 29,
        "mid": 68,
        "long": 62,
        "composite": 58
      },
      "rank": {
        "short": 8,
        "mid": 8,
        "long": 8,
        "composite": 8
      }
    },
    {
      "id": "gold_metals",
      "name": "黄金/有色",
      "us_etfs": [
        "GLD",
        "SLV",
        "PICK"
      ],
      "primary_us": "GLD",
      "tags": [
        "黄金",
        "贵金属",
        "有色"
      ],
      "note": "",
      "returns": {
        "r_1d": -0.023494231397838114,
        "r_5d": -0.03873297016841293,
        "r_20d": -0.06638052839259065,
        "r_60d": -0.09648806046048881,
        "r_120d": 0.10725548198056314,
        "r_ytd": 0.04662617175724229
      },
      "strength": {
        "short": 18,
        "mid": 14,
        "long": 46,
        "composite": 28
      },
      "rank": {
        "short": 12,
        "mid": 12,
        "long": 12,
        "composite": 12
      }
    },
    {
      "id": "china_internet",
      "name": "中概互联网/港股",
      "us_etfs": [
        "KWEB",
        "CQQQ"
      ],
      "primary_us": "KWEB",
      "tags": [
        "中概",
        "港股",
        "互联网"
      ],
      "note": "",
      "returns": {
        "r_1d": -0.03591115080567769,
        "r_5d": -0.047826133436891315,
        "r_20d": -0.07782843461476707,
        "r_60d": -0.1506453774846395,
        "r_120d": -0.1924905244554857,
        "r_ytd": -0.23493042499909733
      },
      "strength": {
        "short": 11,
        "mid": 5,
        "long": 13,
        "composite": 9
      },
      "rank": {
        "short": 14,
        "mid": 14,
        "long": 14,
        "composite": 14
      }
    },
    {
      "id": "financial",
      "name": "金融/券商银行",
      "us_etfs": [
        "XLF",
        "KBE",
        "KRE"
      ],
      "primary_us": "XLF",
      "tags": [
        "金融",
        "银行",
        "券商"
      ],
      "note": "",
      "returns": {
        "r_1d": -0.0037113519021790297,
        "r_5d": -0.002736042436481907,
        "r_20d": -0.025694485056059865,
        "r_60d": -0.015212513461044795,
        "r_120d": 0.008420445683393375,
        "r_ytd": -0.06714795269221023
      },
      "strength": {
        "short": 50,
        "mid": 31,
        "long": 30,
        "composite": 34
      },
      "rank": {
        "short": 11,
        "mid": 11,
        "long": 11,
        "composite": 11
      }
    },
    {
      "id": "solar_clean_energy",
      "name": "光伏/清洁能源",
      "us_etfs": [
        "TAN",
        "ICLN"
      ],
      "primary_us": "TAN",
      "tags": [
        "光伏",
        "清洁能源"
      ],
      "note": "",
      "returns": {
        "r_1d": 0.00015398562936935525,
        "r_5d": 0.047605529385968084,
        "r_20d": 0.16407762978363855,
        "r_60d": 0.10440309778544409,
        "r_120d": 0.35254904399989234,
        "r_ytd": 0.2302500388434934
      },
      "strength": {
        "short": 93,
        "mid": 81,
        "long": 84,
        "composite": 85
      },
      "rank": {
        "short": 1,
        "mid": 1,
        "long": 1,
        "composite": 1
      }
    },
    {
      "id": "biotech",
      "name": "生物科技/创新药",