{
  "schema_version": "1.0",
  "generated_at": "2026-04-15T16:00:00+08:00",
  "themes": [
    {
      "id": "storage_dram",
      "name": "存储芯片",
      "us_etfs": [
        "DRAM",
        "SOXX",
        "SMH"
      ],
      "primary_us": "DRAM",
      "tags": [
        "DRAM",
        "NAND",
        "半导体"
      ],
      "note": "A股无纯存储基金, 用半导体宽主题替代",
      "returns": {
        "r_1d": -0.03141316143851337,
        "r_5d": 0.059772792232714124,
        "r_20d": null,
        "r_60d": null,
        "r_120d": null,
        "r_ytd": 0.21649327205864027
      },
      "strength": {
        "short": 82,
        "mid": 0,
        "long": 80,
        "composite": 48
      },
      "rank": {
        "short": 11,
        "mid": 11,
        "long": 11,
        "composite": 11
      }
    },
    {
      "id": "semiconductor",
      "name": "半导体",
      "us_etfs": [
        "SOXX",
        "SMH",
        "XSD"
      ],
      "primary_us": "SOXX",
      "tags": [
        "半导体",
        "芯片"
      ],
      "note": "",
      "returns": {
        "r_1d": 0.0015439779309818387,
        "r_5d": 0.08152027018476876,
        "r_20d": 0.16642310925815035,
        "r_60d": 0.1605355145211064,
        "r_120d": 0.3237272158047249,
        "r_ytd": 0.24831442690332856
      },
      "strength": {
        "short": 96,
        "mid": 99,
        "long": 90,
        "composite": 95
      },
      "rank": {
        "short": 1,
        "mid": 1,
        "long": 1,
        "composite": 1
      }
    },
    {
      "id": "cybersecurity",
      "name": "网络安全",
      "us_etfs": [
        "CIBR",
        "BUG"
      ],
      "primary_us": "CIBR",
      "tags": [
        "网络安全",
        "计算机"
      ],
      "note": "A股无纯网络安全 ETF, 映射纯度低",
      "returns": {
        "r_1d": 0.027179361520857166,
        "r_5d": -0.017514766619612602,
        "r_20d": -0.005213091315302579,
        "r_60d": -0.10670283483100022,
        "r_120d": -0.17312240523747766,
        "r_ytd": -0.08945011467322916
      },
      "strength": {
        "short": 62,
        "mid": 15,
        "long": 21,
        "composite": 27
      },
      "rank": {
        "short": 13,
        "mid": 13,
        "long": 13,
        "composite": 13
      }
    },
    {
      "id": "ai_compute",
      "name": "AI算力",
      "us_etfs": [
        "THNQ",
        "AIQ",
        "QQQ"
      ],
      "primary_us": "THNQ",
      "tags": [
        "AI",
        "人工智能",
        "算力"
      ],
      "note": "",
      "returns": {
        "r_1d": 0.027115075499500988,
        "r_5d": 0.0827367560869522,
        "r_20d": 0.08722722343882962,
        "r_60d": 0.02905299945918548,
        "r_120d": 0.025137834211601012,
        "r_ytd": 0.04568670848630262
      },
      "strength": {
        "short": 99,
        "mid": 74,
        "long": 46,
        "composite": 68
      },
      "rank": {
        "short": 5,
        "mid": 5,
        "long": 5,
        "composite": 5
      }
    },
    {
      "id": "energy_oil",
      "name": "原油/能源",
      "us_etfs": [
        "XLE",
        "USO"
      ],
      "primary_us": "XLE",
      "tags": [
        "原油",
        "能源"
      ],
      "note": "",
      "returns": {
        "r_1d": -0.003401712043388361,
        "r_5d": -0.04024795865046232,
        "r_20d": -0.04162844490953312,
        "r_60d": 0.162847497681777,
        "r_120d": 0.2668660173021257,
        "r_ytd": 0.20656559222759022
      },
      "strength": {
        "short": 4,
        "mid": 78,
        "long": 85,
        "composite": 66
      },
      "rank": {
        "short": 6,
        "mid": 6,
        "long": 6,
        "composite": 6
      }
    },
    {
      "id": "new_energy_vehicle",
      "name": "新能源车/锂电",
      "us_etfs": [
        "DRIV",
        "LIT",
        "HAIL"
      ],
      "primary_us": "DRIV",
      "tags": [
        "新能源车",
        "锂电池"
      ],
      "note": "",
      "returns": {
        "r_1d": -0.0014617525529874971,
        "r_5d": 0.049846856579958326,
        "r_20d": 0.10386627177772331,
        "r_60d": 0.05163215273427552,
        "r_120d": 0.16368460585089128,
        "r_ytd": 0.11522636920562788
      },
      "strength": {
        "short": 86,
        "mid": 84,
        "long": 68,
        "composite": 78
      },
      "rank": {
        "short": 4,
        "mid": 4,
        "long": 4,
        "composite": 4
      }
    },
    {
      "id": "robotics",
      "name": "机器人",
      "us_etfs": [
        "BOTZ",
        "ROBO",
        "ARKQ"
      ],
      "primary_us": "BOTZ",
      "tags": [
        "机器人",
        "智能制造"
      ],
      "note": "",
      "returns": {
        "r_1d": 0.00381886416731606,
        "r_5d": 0.044823109015027424,
        "r_20d": 0.03744712844719707,
        "r_60d": -0.04316064065638793,
        "r_120d": 0.00023298020267046573,
        "r_ytd": 0.0005446747993499526
      },
      "strength": {
        "short": 89,
        "mid": 39,
        "long": 39,
        "composite": 49
      },
      "rank": {
        "short": 9,
        "mid": 9,
        "long": 9,
        "composite": 9
      }
    },
    {
      "id": "gold_metals",
      "name": "黄金/有色",
      "us_etfs": [
        "GLD",
        "SLV",
        "PICK"
      ],
      "primary_us": "GLD",
      "tags": [
        "黄金",
        "贵金属",
        "有色"
      ],
      "note": "",
      "returns": {
        "r_1d": -0.010456884729500534,
        "r_5d": 0.013554631558868708,
        "r_20d": -0.04181863254006546,
        "r_60d": 0.0444981630197961,
        "r_120d": 0.15493805216210074,
        "r_ytd": 0.10066434349580305
      },
      "strength": {
        "short": 47,
        "mid": 45,
        "long": 64,
        "composite": 53
      },
      "rank": {
        "short": 7,
        "mid": 7,
        "long": 7,
        "composite": 7
      }
    },
    {
      "id": "china_internet",
      "name": "中概互联网/港股",
      "us_etfs": [
        "KWEB",
        "CQQQ"
      ],
      "primary_us": "KWEB",
      "tags": [
        "中概",
        "港股",
        "互联网"
      ],
      "note": "",
      "returns": {
        "r_1d": 0.0091510060506884,
        "r_5d": 0.018386592549355922,
        "r_20d": -0.025975509503438084,
        "r_60d": -0.18630595613278664,
        "r_120d": -0.23936443813827735,
        "r_ytd": -0.18406322975999082
      },
      "strength": {
        "short": 78,
        "mid": 6,
        "long": 13,
        "composite": 23
      },
      "rank": {
        "short": 14,
        "mid": 14,
        "long": 14,
        "composite": 14
      }
    },
    {
      "id": "financial",
      "name": "金融/券商银行",
      "us_etfs": [
        "XLF",
        "KBE",
        "KRE"
      ],
      "primary_us": "XLF",
      "tags": [
        "金融",
        "银行",
        "券商"
      ],
      "note": "",
      "returns": {
        "r_1d": 0.0075036311878619215,
        "r_5d": 0.01876803498983037,
        "r_20d": 0.05645066848799657,
        "r_60d": -0.0374643439022569,
        "r_120d": -0.002060824203389774,
        "r_ytd": -0.046424838104771
      },
      "strength": {
        "short": 71,
        "mid": 52,
        "long": 34,
        "composite": 49
      },
      "rank": {
        "short": 10,
        "mid": 10,
        "long": 10,
        "composite": 10
      }
    },
    {
      "id": "solar_clean_energy",
      "name": "光伏/清洁能源",
      "us_etfs": [
        "TAN",
        "ICLN"
      ],
      "primary_us": "TAN",
      "tags": [
        "光伏",
        "清洁能源"
      ],
      "note": "",
      "returns": {
        "r_1d": 0.0016282256552226184,
        "r_5d": -0.002888085915660211,
        "r_20d": -0.04281570202417918,
        "r_60d": 0.06420112124357145,
        "r_120d": 0.1670376166304681,
        "r_ytd": 0.06961285836378325
      },
      "strength": {
        "short": 29,
        "mid": 56,
        "long": 60,
        "composite": 52
      },
      "rank": {
        "short": 8,
        "mid": 8,
        "long": 8,
        "composite": 8
      }
    },
    {
      "id": "biotech",
      "name": "生物科技/创新药",