{
  "schema_version": "1.0",
  "generated_at": "2026-04-10T16:00:00+08:00",
  "themes": [
    {
      "id": "storage_dram",
      "name": "存储芯片",
      "us_etfs": [
        "DRAM",
        "SOXX",
        "SMH"
      ],
      "primary_us": "DRAM",
      "tags": [
        "DRAM",
        "NAND",
        "半导体"
      ],
      "note": "A股无纯存储基金, 用半导体宽主题替代",
      "returns": {
        "r_1d": 0.0015429484931486458,
        "r_5d": 0.15548778584589235,
        "r_20d": null,
        "r_60d": null,
        "r_120d": null,
        "r_ytd": 0.15548778584589235
      },
      "strength": {
        "short": 99,
        "mid": 0,
        "long": 77,
        "composite": 51
      },
      "rank": {
        "short": 9,
        "mid": 9,
        "long": 9,
        "composite": 9
      }
    },
    {
      "id": "semiconductor",
      "name": "半导体",
      "us_etfs": [
        "SOXX",
        "SMH",
        "XSD"
      ],
      "primary_us": "SOXX",
      "tags": [
        "半导体",
        "芯片"
      ],
      "note": "",
      "returns": {
        "r_1d": 0.020831091643685115,
        "r_5d": 0.12959271281696766,
        "r_20d": 0.15833820632526754,
        "r_60d": 0.1489635035875014,
        "r_120d": 0.2931130638310377,
        "r_ytd": 0.2096012503153945
      },
      "strength": {
        "short": 96,
        "mid": 99,
        "long": 89,
        "composite": 94
      },
      "rank": {
        "short": 1,
        "mid": 1,
        "long": 1,
        "composite": 1
      }
    },
    {
      "id": "cybersecurity",
      "name": "网络安全",
      "us_etfs": [
        "CIBR",
        "BUG"
      ],
      "primary_us": "CIBR",
      "tags": [
        "网络安全",
        "计算机"
      ],
      "note": "A股无纯网络安全 ETF, 映射纯度低",
      "returns": {
        "r_1d": -0.03780130387110291,
        "r_5d": -0.055244986106511,
        "r_20d": -0.07065225424158617,
        "r_60d": -0.1769005160942337,
        "r_120d": -0.20399610320309589,
        "r_ytd": -0.1498228286496529
      },
      "strength": {
        "short": 4,
        "mid": 9,
        "long": 18,
        "composite": 12
      },
      "rank": {
        "short": 14,
        "mid": 14,
        "long": 14,
        "composite": 14
      }
    },
    {
      "id": "ai_compute",
      "name": "AI算力",
      "us_etfs": [
        "THNQ",
        "AIQ",
        "QQQ"
      ],
      "primary_us": "THNQ",
      "tags": [
        "AI",
        "人工智能",
        "算力"
      ],
      "note": "",
      "returns": {
        "r_1d": 0.0008142005414943448,
        "r_5d": 0.019377822816055837,
        "r_20d": 0.020291032033805303,
        "r_60d": -0.07049362225762236,
        "r_120d": -0.0565512169660622,
        "r_ytd": -0.04699493504911813
      },
      "strength": {
        "short": 78,
        "mid": 31,
        "long": 31,
        "composite": 40
      },
      "rank": {
        "short": 12,
        "mid": 12,
        "long": 12,
        "composite": 12
      }
    },
    {
      "id": "energy_oil",
      "name": "原油/能源",
      "us_etfs": [
        "XLE",
        "USO"
      ],
      "primary_us": "XLE",
      "tags": [
        "原油",
        "能源"
      ],
      "note": "",
      "returns": {
        "r_1d": -0.00682602112746929,
        "r_5d": -0.039767722283561846,
        "r_20d": -0.0034483117962995904,
        "r_60d": 0.19836293236135658,
        "r_120d": 0.3042059225106902,
        "r_ytd": 0.22750691360862946
      },
      "strength": {
        "short": 7,
        "mid": 94,
        "long": 93,
        "composite": 76
      },
      "rank": {
        "short": 3,
        "mid": 3,
        "long": 3,
        "composite": 3
      }
    },
    {
      "id": "new_energy_vehicle",
      "name": "新能源车/锂电",
      "us_etfs": [
        "DRIV",
        "LIT",
        "HAIL"
      ],
      "primary_us": "DRIV",
      "tags": [
        "新能源车",
        "锂电池"
      ],
      "note": "",
      "returns": {
        "r_1d": 0.010365950768925401,
        "r_5d": 0.06286973187446687,
        "r_20d": 0.08082659743671616,
        "r_60d": 0.016205907194352092,
        "r_120d": 0.12867137130863274,
        "r_ytd": 0.07918377669799487
      },
      "strength": {
        "short": 86,
        "mid": 80,
        "long": 66,
        "composite": 76
      },
      "rank": {
        "short": 4,
        "mid": 4,
        "long": 4,
        "composite": 4
      }
    },
    {
      "id": "robotics",
      "name": "机器人",
      "us_etfs": [
        "BOTZ",
        "ROBO",
        "ARKQ"
      ],
      "primary_us": "BOTZ",
      "tags": [
        "机器人",
        "智能制造"
      ],
      "note": "",
      "returns": {
        "r_1d": 0.01449924895516698,
        "r_5d": 0.05900298182321491,
        "r_20d": -0.004505776318616554,
        "r_60d": -0.06607201207874948,
        "r_120d": -0.025170751522054464,
        "r_ytd": -0.03549024507842315
      },
      "strength": {
        "short": 89,
        "mid": 24,
        "long": 40,
        "composite": 43
      },
      "rank": {
        "short": 11,
        "mid": 11,
        "long": 11,
        "composite": 11
      }
    },
    {
      "id": "gold_metals",
      "name": "黄金/有色",
      "us_etfs": [
        "GLD",
        "SLV",
        "PICK"
      ],
      "primary_us": "GLD",
      "tags": [
        "黄金",
        "贵金属",
        "有色"
      ],
      "note": "",
      "returns": {
        "r_1d": -0.0017827733092611521,
        "r_5d": 0.017818462853018007,
        "r_20d": -0.0658416309287756,
        "r_60d": 0.03610248109240011,
        "r_120d": 0.09768068435477954,
        "r_ytd": 0.09307537240908732
      },
      "strength": {
        "short": 66,
        "mid": 42,
        "long": 58,
        "composite": 53
      },
      "rank": {
        "short": 7,
        "mid": 7,
        "long": 7,
        "composite": 7
      }
    },
    {
      "id": "china_internet",
      "name": "中概互联网/港股",
      "us_etfs": [
        "KWEB",
        "CQQQ"
      ],
      "primary_us": "KWEB",
      "tags": [
        "中概",
        "港股",
        "互联网"
      ],
      "note": "",
      "returns": {
        "r_1d": -0.0031309870754383626,
        "r_5d": 0.021483502800571708,
        "r_20d": -0.046298217209609194,
        "r_60d": -0.25185621069062153,
        "r_120d": -0.261023273157687,
        "r_ytd": -0.2162908602468876
      },
      "strength": {
        "short": 74,
        "mid": 4,
        "long": 11,
        "composite": 21
      },
      "rank": {
        "short": 13,
        "mid": 13,
        "long": 13,
        "composite": 13
      }
    },
    {
      "id": "financial",
      "name": "金融/券商银行",
      "us_etfs": [
        "XLF",
        "KBE",
        "KRE"
      ],
      "primary_us": "XLF",
      "tags": [
        "金融",
        "银行",
        "券商"
      ],
      "note": "",
      "returns": {
        "r_1d": -0.010969774268700553,
        "r_5d": 0.024727116021309815,
        "r_20d": 0.04408794447278771,
        "r_60d": -0.060801420844058325,
        "r_120d": -0.010695803883884029,
        "r_ytd": -0.07362678206550113
      },
      "strength": {
        "short": 62,
        "mid": 49,
        "long": 36,
        "composite": 46
      },
      "rank": {
        "short": 10,
        "mid": 10,
        "long": 10,
        "composite": 10
      }
    },
    {
      "id": "solar_clean_energy",
      "name": "光伏/清洁能源",
      "us_etfs": [
        "TAN",
        "ICLN"
      ],
      "primary_us": "TAN",
      "tags": [
        "光伏",
        "清洁能源"
      ],
      "note": "",
      "returns": {
        "r_1d": 0.009276980002314559,
        "r_5d": 0.006904116722664904,
        "r_20d": 0.008728906928170417,
        "r_60d": 0.05661539628275681,
        "r_120d": 0.1396804853634783,
        "r_ytd": 0.06798463270856057
      },
      "strength": {
        "short": 70,
        "mid": 71,
        "long": 62,
        "composite": 67
      },
      "rank": {
        "short": 5,
        "mid": 5,
        "long": 5,
        "composite": 5
      }
    },
    {
      "id": "biotech",
      "name": "生物科技/创新药",