{
  "schema_version": "1.0",
  "generated_at": "2026-06-08T16:00:00+08:00",
  "themes": [
    {
      "id": "storage_dram",
      "name": "存储芯片",
      "us_etfs": [
        "DRAM",
        "SOXX",
        "SMH"
      ],
      "primary_us": "DRAM",
      "tags": [
        "DRAM",
        "NAND",
        "半导体"
      ],
      "note": "A股无纯存储基金, 用半导体宽主题替代",
      "returns": {
        "r_1d": 0.08137923821631858,
        "r_5d": -0.11653380869211036,
        "r_20d": 0.13646272022139155,
        "r_60d": null,
        "r_120d": null,
        "r_ytd": 0.7793777526003698
      },
      "strength": {
        "short": 32,
        "mid": 89,
        "long": 99,
        "composite": 82
      },
      "rank": {
        "short": 2,
        "mid": 2,
        "long": 2,
        "composite": 2
      }
    },
    {
      "id": "semiconductor",
      "name": "半导体",
      "us_etfs": [
        "SOXX",
        "SMH",
        "XSD"
      ],
      "primary_us": "SOXX",
      "tags": [
        "半导体",
        "芯片"
      ],
      "note": "",
      "returns": {
        "r_1d": 0.057033780902846914,
        "r_5d": -0.0008395532147651518,
        "r_20d": 0.09377144091132962,
        "r_60d": 0.5491246393477006,
        "r_120d": 0.6482093543915323,
        "r_ytd": 0.6003876833378277
      },
      "strength": {
        "short": 99,
        "mid": 99,
        "long": 96,
        "composite": 98
      },
      "rank": {
        "short": 1,
        "mid": 1,
        "long": 1,
        "composite": 1
      }
    },
    {
      "id": "cybersecurity",
      "name": "网络安全",
      "us_etfs": [
        "CIBR",
        "BUG"
      ],
      "primary_us": "CIBR",
      "tags": [
        "网络安全",
        "计算机"
      ],
      "note": "A股无纯网络安全 ETF, 映射纯度低",
      "returns": {
        "r_1d": -0.006596097675158147,
        "r_5d": -0.08903152039776818,
        "r_20d": 0.13411205117505684,
        "r_60d": 0.2786030094194652,
        "r_120d": 0.1550176631443273,
        "r_ytd": 0.19943243501139837
      },
      "strength": {
        "short": 11,
        "mid": 93,
        "long": 67,
        "composite": 66
      },
      "rank": {
        "short": 6,
        "mid": 6,
        "long": 6,
        "composite": 6
      }
    },
    {
      "id": "ai_compute",
      "name": "AI算力",
      "us_etfs": [
        "THNQ",
        "AIQ",
        "QQQ"
      ],
      "primary_us": "THNQ",
      "tags": [
        "AI",
        "人工智能",
        "算力"
      ],
      "note": "",
      "returns": {
        "r_1d": 0.020670168495175403,
        "r_5d": -0.0746723812070287,
        "r_20d": 0.08474199342128275,
        "r_60d": 0.35702369345579593,
        "r_120d": 0.29131164572236057,
        "r_ytd": 0.2897377263728726
      },
      "strength": {
        "short": 18,
        "mid": 96,
        "long": 87,
        "composite": 77
      },
      "rank": {
        "short": 3,
        "mid": 3,
        "long": 3,
        "composite": 3
      }
    },
    {
      "id": "energy_oil",
      "name": "原油/能源",
      "us_etfs": [
        "XLE",
        "USO"
      ],
      "primary_us": "XLE",
      "tags": [
        "原油",
        "能源"
      ],
      "note": "",
      "returns": {
        "r_1d": 0.011379496280085789,
        "r_5d": 0.017815961750979315,
        "r_20d": 0.04613641152631301,
        "r_60d": 0.020670202628870125,
        "r_120d": 0.2631851961263855,
        "r_ytd": 0.25162542803379906
      },
      "strength": {
        "short": 96,
        "mid": 62,
        "long": 79,
        "composite": 76
      },
      "rank": {
        "short": 4,
        "mid": 4,
        "long": 4,
        "composite": 4
      }
    },
    {
      "id": "new_energy_vehicle",
      "name": "新能源车/锂电",
      "us_etfs": [
        "DRIV",
        "LIT",
        "HAIL"
      ],
      "primary_us": "DRIV",
      "tags": [
        "新能源车",
        "锂电池"
      ],
      "note": "",
      "returns": {
        "r_1d": 0.013119214175583363,
        "r_5d": -0.060489282404393385,
        "r_20d": -0.017228707989455003,
        "r_60d": 0.2521179668473169,
        "r_120d": 0.26920145976015647,
        "r_ytd": 0.2504751461085955
      },
      "strength": {
        "short": 25,
        "mid": 85,
        "long": 82,
        "composite": 72
      },
      "rank": {
        "short": 5,
        "mid": 5,
        "long": 5,
        "composite": 5
      }
    },
    {
      "id": "robotics",
      "name": "机器人",
      "us_etfs": [
        "BOTZ",
        "ROBO",
        "ARKQ"
      ],
      "primary_us": "BOTZ",
      "tags": [
        "机器人",
        "智能制造"
      ],
      "note": "",
      "returns": {
        "r_1d": 0.008912251807398627,
        "r_5d": -0.0577960838856796,
        "r_20d": -0.0785159548487809,
        "r_60d": 0.07390724132929996,
        "r_120d": 0.05626135759672966,
        "r_ytd": 0.04292277256949335
      },
      "strength": {
        "short": 21,
        "mid": 38,
        "long": 44,
        "composite": 37
      },
      "rank": {
        "short": 11,
        "mid": 11,
        "long": 11,
        "composite": 11
      }
    },
    {
      "id": "gold_metals",
      "name": "黄金/有色",
      "us_etfs": [
        "GLD",
        "SLV",
        "PICK"
      ],
      "primary_us": "GLD",
      "tags": [
        "黄金",
        "贵金属",
        "有色"
      ],
      "note": "",
      "returns": {
        "r_1d": 0.0025960589903300645,
        "r_5d": -0.03460951901441557,
        "r_20d": -0.08789829175602205,
        "r_60d": -0.16145615316822967,
        "r_120d": 0.004617047451977781,
        "r_ytd": -0.002539149830366811
      },
      "strength": {
        "short": 36,
        "mid": 12,
        "long": 36,
        "composite": 26
      },
      "rank": {
        "short": 13,
        "mid": 13,
        "long": 13,
        "composite": 13
      }
    },
    {
      "id": "china_internet",
      "name": "中概互联网/港股",
      "us_etfs": [
        "KWEB",
        "CQQQ"
      ],
      "primary_us": "KWEB",
      "tags": [
        "中概",
        "港股",
        "互联网"
      ],
      "note": "",
      "returns": {
        "r_1d": -0.009904778937777753,
        "r_5d": -0.04638077852437504,
        "r_20d": -0.1233823814953674,
        "r_60d": -0.14049403002029492,
        "r_120d": -0.2860997007580661,
        "r_ytd": -0.31048667305757327
      },
      "strength": {
        "short": 14,
        "mid": 8,
        "long": 9,
        "composite": 10
      },
      "rank": {
        "short": 14,
        "mid": 14,
        "long": 14,
        "composite": 14
      }
    },
    {
      "id": "financial",
      "name": "金融/券商银行",
      "us_etfs": [
        "XLF",
        "KBE",
        "KRE"
      ],
      "primary_us": "XLF",
      "tags": [
        "金融",
        "银行",
        "券商"
      ],
      "note": "",
      "returns": {
        "r_1d": -0.0063297039741631814,
        "r_5d": 0.01044498678832795,
        "r_20d": 0.014146142723465264,
        "r_60d": 0.06744895900602568,
        "r_120d": -0.047140883076107885,
        "r_ytd": -0.0502657675322632
      },
      "strength": {
        "short": 78,
        "mid": 68,
        "long": 28,
        "composite": 54
      },
      "rank": {
        "short": 8,
        "mid": 8,
        "long": 8,
        "composite": 8
      }
    },
    {
      "id": "solar_clean_energy",
      "name": "光伏/清洁能源",
      "us_etfs": [
        "TAN",
        "ICLN"
      ],
      "primary_us": "TAN",
      "tags": [
        "光伏",
        "清洁能源"
      ],
      "note": "",
      "returns": {
        "r_1d": -0.007365091707353536,
        "r_5d": -0.1122101658499893,
        "r_20d": 0.02613283190813543,
        "r_60d": 0.14952161558527052,
        "r_120d": 0.28443687144995816,
        "r_ytd": 0.20877734136566056
      },
      "strength": {
        "short": 7,
        "mid": 79,
        "long": 75,
        "composite": 63
      },
      "rank": {
        "short": 7,
        "mid": 7,
        "long": 7,
        "composite": 7
      }
    },
    {
      "id": "biotech",
      "name": "生物科技/创新药",