{
  "schema_version": "1.0",
  "generated_at": "2026-05-09T16:00:00+08:00",
  "themes": [
    {
      "id": "storage_dram",
      "name": "存储芯片",
      "us_etfs": [
        "DRAM",
        "SOXX",
        "SMH"
      ],
      "primary_us": "DRAM",
      "tags": [
        "DRAM",
        "NAND",
        "半导体"
      ],
      "note": "A股无纯存储基金, 用半导体宽主题替代",
      "returns": {
        "r_1d": 0.1259841889292056,
        "r_5d": 0.2674339009482158,
        "r_20d": 0.4874272465330859,
        "r_60d": null,
        "r_120d": null,
        "r_ytd": 0.6429150323789782
      },
      "strength": {
        "short": 99,
        "mid": 99,
        "long": 99,
        "composite": 99
      },
      "rank": {
        "short": 1,
        "mid": 1,
        "long": 1,
        "composite": 1
      }
    },
    {
      "id": "semiconductor",
      "name": "半导体",
      "us_etfs": [
        "SOXX",
        "SMH",
        "XSD"
      ],
      "primary_us": "SOXX",
      "tags": [
        "半导体",
        "芯片"
      ],
      "note": "",
      "returns": {
        "r_1d": 0.0551954517521263,
        "r_5d": 0.11075656106985103,
        "r_20d": 0.29701499211110327,
        "r_60d": 0.36836199213331217,
        "r_120d": 0.5887449142723317,
        "r_ytd": 0.5066162424264979
      },
      "strength": {
        "short": 96,
        "mid": 96,
        "long": 95,
        "composite": 96
      },
      "rank": {
        "short": 2,
        "mid": 2,
        "long": 2,
        "composite": 2
      }
    },
    {
      "id": "cybersecurity",
      "name": "网络安全",
      "us_etfs": [
        "CIBR",
        "BUG"
      ],
      "primary_us": "CIBR",
      "tags": [
        "网络安全",
        "计算机"
      ],
      "note": "A股无纯网络安全 ETF, 映射纯度低",
      "returns": {
        "r_1d": 0.029370295360969752,
        "r_5d": 0.09112348815465628,
        "r_20d": 0.21514321248599436,
        "r_60d": 0.10957922095952388,
        "r_120d": 0.011949343860096622,
        "r_ytd": 0.06532038383634169
      },
      "strength": {
        "short": 93,
        "mid": 85,
        "long": 39,
        "composite": 68
      },
      "rank": {
        "short": 8,
        "mid": 8,
        "long": 8,
        "composite": 8
      }
    },
    {
      "id": "ai_compute",
      "name": "AI算力",
      "us_etfs": [
        "THNQ",
        "AIQ",
        "QQQ"
      ],
      "primary_us": "THNQ",
      "tags": [
        "AI",
        "人工智能",
        "算力"
      ],
      "note": "",
      "returns": {
        "r_1d": 0.007620032570050086,
        "r_5d": 0.07198857648296704,
        "r_20d": 0.25199066800070785,
        "r_60d": 0.21734061866843177,
        "r_120d": 0.216695327338867,
        "r_ytd": 0.2049957329515898
      },
      "strength": {
        "short": 82,
        "mid": 93,
        "long": 69,
        "composite": 81
      },
      "rank": {
        "short": 4,
        "mid": 4,
        "long": 4,
        "composite": 4
      }
    },
    {
      "id": "energy_oil",
      "name": "原油/能源",
      "us_etfs": [
        "XLE",
        "USO"
      ],
      "primary_us": "XLE",
      "tags": [
        "原油",
        "能源"
      ],
      "note": "",
      "returns": {
        "r_1d": -0.004478287763492577,
        "r_5d": -0.05501164714747627,
        "r_20d": -0.022017897101143397,
        "r_60d": 0.01952314561502685,
        "r_120d": 0.2229991237475506,
        "r_ytd": 0.20548901650748602
      },
      "strength": {
        "short": 4,
        "mid": 42,
        "long": 77,
        "composite": 48
      },
      "rank": {
        "short": 10,
        "mid": 10,
        "long": 10,
        "composite": 10
      }
    },
    {
      "id": "new_energy_vehicle",
      "name": "新能源车/锂电",
      "us_etfs": [
        "DRIV",
        "LIT",
        "HAIL"
      ],
      "primary_us": "DRIV",
      "tags": [
        "新能源车",
        "锂电池"
      ],
      "note": "",
      "returns": {
        "r_1d": 0.022609961237180145,
        "r_5d": 0.050751423292230154,
        "r_20d": 0.18852007740005575,
        "r_60d": 0.18217087754847647,
        "r_120d": 0.3059266315598694,
        "r_ytd": 0.26770385409805053
      },
      "strength": {
        "short": 79,
        "mid": 89,
        "long": 83,
        "composite": 85
      },
      "rank": {
        "short": 3,
        "mid": 3,
        "long": 3,
        "composite": 3
      }
    },
    {
      "id": "robotics",
      "name": "机器人",
      "us_etfs": [
        "BOTZ",
        "ROBO",
        "ARKQ"
      ],
      "primary_us": "BOTZ",
      "tags": [
        "机器人",
        "智能制造"
      ],
      "note": "",
      "returns": {
        "r_1d": 0.039867456822264426,
        "r_5d": 0.07123566304732047,
        "r_20d": 0.15692897249669743,
        "r_60d": 0.08374884922137428,
        "r_120d": 0.1649135957605547,
        "r_ytd": 0.12143872741827437
      },
      "strength": {
        "short": 89,
        "mid": 77,
        "long": 58,
        "composite": 72
      },
      "rank": {
        "short": 7,
        "mid": 7,
        "long": 7,
        "composite": 7
      }
    },
    {
      "id": "gold_metals",
      "name": "黄金/有色",
      "us_etfs": [
        "GLD",
        "SLV",
        "PICK"
      ],
      "primary_us": "GLD",
      "tags": [
        "黄金",
        "贵金属",
        "有色"
      ],
      "note": "",
      "returns": {
        "r_1d": 0.004829858327988968,
        "r_5d": 0.024716811240032034,
        "r_20d": -0.0077162304834320185,
        "r_60d": -0.0751629810004155,
        "r_120d": 0.12481892115851266,
        "r_ytd": 0.08535914192565529
      },
      "strength": {
        "short": 68,
        "mid": 18,
        "long": 52,
        "composite": 42
      },
      "rank": {
        "short": 11,
        "mid": 11,
        "long": 11,
        "composite": 11
      }
    },
    {
      "id": "china_internet",
      "name": "中概互联网/港股",
      "us_etfs": [
        "KWEB",
        "CQQQ"
      ],
      "primary_us": "KWEB",
      "tags": [
        "中概",
        "港股",
        "互联网"
      ],
      "note": "",
      "returns": {
        "r_1d": 0.001015702794341698,
        "r_5d": 0.026402992715865086,
        "r_20d": 0.02918656868468155,
        "r_60d": -0.14321362150877523,
        "r_120d": -0.2134547864474467,
        "r_ytd": -0.18710429156220593
      },
      "strength": {
        "short": 64,
        "mid": 11,
        "long": 13,
        "composite": 22
      },
      "rank": {
        "short": 14,
        "mid": 14,
        "long": 14,
        "composite": 14
      }
    },
    {
      "id": "financial",
      "name": "金融/券商银行",
      "us_etfs": [
        "XLF",
        "KBE",
        "KRE"
      ],
      "primary_us": "XLF",
      "tags": [
        "金融",
        "银行",
        "券商"
      ],
      "note": "",
      "returns": {
        "r_1d": -0.006031685877483256,
        "r_5d": -0.013183527343490865,
        "r_20d": 0.009214871809772792,
        "r_60d": -0.023726471144205813,
        "r_120d": -0.02477784424416501,
        "r_ytd": -0.06441191025572836
      },
      "strength": {
        "short": 8,
        "mid": 36,
        "long": 28,
        "composite": 27
      },
      "rank": {
        "short": 13,
        "mid": 13,
        "long": 13,
        "composite": 13
      }
    },
    {
      "id": "solar_clean_energy",
      "name": "光伏/清洁能源",
      "us_etfs": [
        "TAN",
        "ICLN"
      ],
      "primary_us": "TAN",
      "tags": [
        "光伏",
        "清洁能源"
      ],
      "note": "",
      "returns": {
        "r_1d": 0.03582963963597753,
        "r_5d": 0.044062868850636316,
        "r_20d": 0.11465987674896468,
        "r_60d": 0.05919276865186668,
        "r_120d": 0.24501482005500635,
        "r_ytd": 0.18264450945752522
      },
      "strength": {
        "short": 86,
        "mid": 72,
        "long": 73,
        "composite": 75
      },
      "rank": {
        "short": 5,
        "mid": 5,
        "long": 5,
        "composite": 5
      }
    },
    {
      "id": "biotech",
      "name": "生物科技/创新药",