{
  "schema_version": "1.0",
  "generated_at": "2026-04-24T16:00:00+08:00",
  "themes": [
    {
      "id": "storage_dram",
      "name": "存储芯片",
      "us_etfs": [
        "DRAM",
        "SOXX",
        "SMH"
      ],
      "primary_us": "DRAM",
      "tags": [
        "DRAM",
        "NAND",
        "半导体"
      ],
      "note": "A股无纯存储基金, 用半导体宽主题替代",
      "returns": {
        "r_1d": 0.022839495692601235,
        "r_5d": 0.04424407797874337,
        "r_20d": null,
        "r_60d": null,
        "r_120d": null,
        "r_ytd": 0.2927126379045991
      },
      "strength": {
        "short": 93,
        "mid": 0,
        "long": 87,
        "composite": 53
      },
      "rank": {
        "short": 9,
        "mid": 9,
        "long": 9,
        "composite": 9
      }
    },
    {
      "id": "semiconductor",
      "name": "半导体",
      "us_etfs": [
        "SOXX",
        "SMH",
        "XSD"
      ],
      "primary_us": "SOXX",
      "tags": [
        "半导体",
        "芯片"
      ],
      "note": "",
      "returns": {
        "r_1d": 0.04565387928345621,
        "r_5d": 0.10471082523709713,
        "r_20d": 0.33909704438323285,
        "r_60d": 0.24793365250573013,
        "r_120d": 0.41512364760827164,
        "r_ytd": 0.3869094302843379
      },
      "strength": {
        "short": 99,
        "mid": 99,
        "long": 97,
        "composite": 98
      },
      "rank": {
        "short": 1,
        "mid": 1,
        "long": 1,
        "composite": 1
      }
    },
    {
      "id": "cybersecurity",
      "name": "网络安全",
      "us_etfs": [
        "CIBR",
        "BUG"
      ],
      "primary_us": "CIBR",
      "tags": [
        "网络安全",
        "计算机"
      ],
      "note": "A股无纯网络安全 ETF, 映射纯度低",
      "returns": {
        "r_1d": 0.009713915642536637,
        "r_5d": 0.011367075727598812,
        "r_20d": 0.06291380330697445,
        "r_60d": -0.059831700267773416,
        "r_120d": -0.12231115875478257,
        "r_ytd": -0.04815703913070573
      },
      "strength": {
        "short": 78,
        "mid": 41,
        "long": 25,
        "composite": 42
      },
      "rank": {
        "short": 10,
        "mid": 10,
        "long": 10,
        "composite": 10
      }
    },
    {
      "id": "ai_compute",
      "name": "AI算力",
      "us_etfs": [
        "THNQ",
        "AIQ",
        "QQQ"
      ],
      "primary_us": "THNQ",
      "tags": [
        "AI",
        "人工智能",
        "算力"
      ],
      "note": "",
      "returns": {
        "r_1d": 0.03595049151050852,
        "r_5d": 0.04413097866801392,
        "r_20d": 0.20001132441785008,
        "r_60d": 0.07407598558005699,
        "r_120d": 0.0730055331603215,
        "r_ytd": 0.11545072677388653
      },
      "strength": {
        "short": 96,
        "mid": 95,
        "long": 54,
        "composite": 79
      },
      "rank": {
        "short": 3,
        "mid": 3,
        "long": 3,
        "composite": 3
      }
    },
    {
      "id": "energy_oil",
      "name": "原油/能源",
      "us_etfs": [
        "XLE",
        "USO"
      ],
      "primary_us": "XLE",
      "tags": [
        "原油",
        "能源"
      ],
      "note": "",
      "returns": {
        "r_1d": -0.0019323784989928128,
        "r_5d": 0.03307117872063015,
        "r_20d": -0.07859439010127156,
        "r_60d": 0.13425792372513565,
        "r_120d": 0.2773913838787369,
        "r_ytd": 0.22627679841395948
      },
      "strength": {
        "short": 86,
        "mid": 58,
        "long": 82,
        "composite": 73
      },
      "rank": {
        "short": 4,
        "mid": 4,
        "long": 4,
        "composite": 4
      }
    },
    {
      "id": "new_energy_vehicle",
      "name": "新能源车/锂电",
      "us_etfs": [
        "DRIV",
        "LIT",
        "HAIL"
      ],
      "primary_us": "DRIV",
      "tags": [
        "新能源车",
        "锂电池"
      ],
      "note": "",
      "returns": {
        "r_1d": 0.016981798284336082,
        "r_5d": 0.012961676955187561,
        "r_20d": 0.18832162722541732,
        "r_60d": 0.07616382656887383,
        "r_120d": 0.1780657250610552,
        "r_ytd": 0.1701001773553994
      },
      "strength": {
        "short": 82,
        "mid": 92,
        "long": 74,
        "composite": 83
      },
      "rank": {
        "short": 2,
        "mid": 2,
        "long": 2,
        "composite": 2
      }
    },
    {
      "id": "robotics",
      "name": "机器人",
      "us_etfs": [
        "BOTZ",
        "ROBO",
        "ARKQ"
      ],
      "primary_us": "BOTZ",
      "tags": [
        "机器人",
        "智能制造"
      ],
      "note": "",
      "returns": {
        "r_1d": 0.01891439144836067,
        "r_5d": -0.0013374145835802305,
        "r_20d": 0.11534355060916936,
        "r_60d": -0.016722381683663898,
        "r_120d": 0.0031048692381845876,
        "r_ytd": 0.01755145712838613
      },
      "strength": {
        "short": 74,
        "mid": 72,
        "long": 44,
        "composite": 61
      },
      "rank": {
        "short": 7,
        "mid": 7,
        "long": 7,
        "composite": 7
      }
    },
    {
      "id": "gold_metals",
      "name": "黄金/有色",
      "us_etfs": [
        "GLD",
        "SLV",
        "PICK"
      ],
      "primary_us": "GLD",
      "tags": [
        "黄金",
        "贵金属",
        "有色"
      ],
      "note": "",
      "returns": {
        "r_1d": 0.005114015549751456,
        "r_5d": -0.02884704400906402,
        "r_20d": 0.07825162356144341,
        "r_60d": -0.1323535448515688,
        "r_120d": 0.15746062012337064,
        "r_ytd": 0.08415965614076891
      },
      "strength": {
        "short": 22,
        "mid": 26,
        "long": 60,
        "composite": 39
      },
      "rank": {
        "short": 11,
        "mid": 11,
        "long": 11,
        "composite": 11
      }
    },
    {
      "id": "china_internet",
      "name": "中概互联网/港股",
      "us_etfs": [
        "KWEB",
        "CQQQ"
      ],
      "primary_us": "KWEB",
      "tags": [
        "中概",
        "港股",
        "互联网"
      ],
      "note": "",
      "returns": {
        "r_1d": 0.013971572606776766,
        "r_5d": -0.05466951020741645,
        "r_20d": 0.022094504005313965,
        "r_60d": -0.2245993138787077,
        "r_120d": -0.273808478957955,
        "r_ytd": -0.21177150059174665
      },
      "strength": {
        "short": 11,
        "mid": 6,
        "long": 11,
        "composite": 9
      },
      "rank": {
        "short": 14,
        "mid": 14,
        "long": 14,
        "composite": 14
      }
    },
    {
      "id": "financial",
      "name": "金融/券商银行",
      "us_etfs": [
        "XLF",
        "KBE",
        "KRE"
      ],
      "primary_us": "XLF",
      "tags": [
        "金融",
        "银行",
        "券商"
      ],
      "note": "",
      "returns": {
        "r_1d": -0.00736296830890973,
        "r_5d": -0.019451786177107563,
        "r_20d": 0.047186995770915875,
        "r_60d": -0.024948861586509795,
        "r_120d": -0.007013693136039316,
        "r_ytd": -0.060905253813257974
      },
      "strength": {
        "short": 18,
        "mid": 49,
        "long": 33,
        "composite": 36
      },
      "rank": {
        "short": 12,
        "mid": 12,
        "long": 12,
        "composite": 12
      }
    },
    {
      "id": "solar_clean_energy",
      "name": "光伏/清洁能源",
      "us_etfs": [
        "TAN",
        "ICLN"
      ],
      "primary_us": "TAN",
      "tags": [
        "光伏",
        "清洁能源"
      ],
      "note": "",
      "returns": {
        "r_1d": -0.004789588076455652,
        "r_5d": 0.056251030491546956,
        "r_20d": 0.054438806842841386,
        "r_60d": 0.01659787553553939,
        "r_120d": 0.20038496104050738,
        "r_ytd": 0.12242343955140188
      },
      "strength": {
        "short": 89,
        "mid": 65,
        "long": 70,
        "composite": 72
      },
      "rank": {
        "short": 6,
        "mid": 6,
        "long": 6,
        "composite": 6
      }
    },
    {
      "id": "biotech",
      "name": "生物科技/创新药",