{
  "schema_version": "1.0",
  "generated_at": "2026-05-27T16:00:00+08:00",
  "themes": [
    {
      "id": "storage_dram",
      "name": "存储芯片",
      "us_etfs": [
        "DRAM",
        "SOXX",
        "SMH"
      ],
      "primary_us": "DRAM",
      "tags": [
        "DRAM",
        "NAND",
        "半导体"
      ],
      "note": "A股无纯存储基金, 用半导体宽主题替代",
      "returns": {
        "r_1d": 0.0036291894762360524,
        "r_5d": 0.19902540030375282,
        "r_20d": 0.48664046039481945,
        "r_60d": null,
        "r_120d": null,
        "r_ytd": 0.7828416584881713
      },
      "strength": {
        "short": 99,
        "mid": 99,
        "long": 99,
        "composite": 99
      },
      "rank": {
        "short": 1,
        "mid": 1,
        "long": 1,
        "composite": 1
      }
    },
    {
      "id": "semiconductor",
      "name": "半导体",
      "us_etfs": [
        "SOXX",
        "SMH",
        "XSD"
      ],
      "primary_us": "SOXX",
      "tags": [
        "半导体",
        "芯片"
      ],
      "note": "",
      "returns": {
        "r_1d": -0.010775590346077725,
        "r_5d": 0.12695201429612574,
        "r_20d": 0.25118013163587233,
        "r_60d": 0.4718614665756645,
        "r_120d": 0.623894168677125,
        "r_ytd": 0.587229416888997
      },
      "strength": {
        "short": 93,
        "mid": 96,
        "long": 96,
        "composite": 95
      },
      "rank": {
        "short": 2,
        "mid": 2,
        "long": 2,
        "composite": 2
      }
    },
    {
      "id": "cybersecurity",
      "name": "网络安全",
      "us_etfs": [
        "CIBR",
        "BUG"
      ],
      "primary_us": "CIBR",
      "tags": [
        "网络安全",
        "计算机"
      ],
      "note": "A股无纯网络安全 ETF, 映射纯度低",
      "returns": {
        "r_1d": -0.029307915330676622,
        "r_5d": 0.020192749200189906,
        "r_20d": 0.20027799867101884,
        "r_60d": 0.25948043493746525,
        "r_120d": 0.11767882740815344,
        "r_ytd": 0.15078162846281676
      },
      "strength": {
        "short": 21,
        "mid": 89,
        "long": 61,
        "composite": 64
      },
      "rank": {
        "short": 7,
        "mid": 7,
        "long": 7,
        "composite": 7
      }
    },
    {
      "id": "ai_compute",
      "name": "AI算力",
      "us_etfs": [
        "THNQ",
        "AIQ",
        "QQQ"
      ],
      "primary_us": "THNQ",
      "tags": [
        "AI",
        "人工智能",
        "算力"
      ],
      "note": "",
      "returns": {
        "r_1d": -0.01078209151111014,
        "r_5d": 0.09878982004093816,
        "r_20d": 0.20462222866892257,
        "r_60d": 0.31242520063444484,
        "r_120d": 0.2823124218242424,
        "r_ytd": 0.286944128185488
      },
      "strength": {
        "short": 89,
        "mid": 93,
        "long": 80,
        "composite": 87
      },
      "rank": {
        "short": 4,
        "mid": 4,
        "long": 4,
        "composite": 4
      }
    },
    {
      "id": "energy_oil",
      "name": "原油/能源",
      "us_etfs": [
        "XLE",
        "USO"
      ],
      "primary_us": "XLE",
      "tags": [
        "原油",
        "能源"
      ],
      "note": "",
      "returns": {
        "r_1d": -0.014977583964352493,
        "r_5d": -0.07274086913640965,
        "r_20d": -0.012554609559738654,
        "r_60d": 0.005635482806248287,
        "r_120d": 0.24965962316427975,
        "r_ytd": 0.2283846991758113
      },
      "strength": {
        "short": 4,
        "mid": 41,
        "long": 71,
        "composite": 46
      },
      "rank": {
        "short": 11,
        "mid": 11,
        "long": 11,
        "composite": 11
      }
    },
    {
      "id": "new_energy_vehicle",
      "name": "新能源车/锂电",
      "us_etfs": [
        "DRIV",
        "LIT",
        "HAIL"
      ],
      "primary_us": "DRIV",
      "tags": [
        "新能源车",
        "锂电池"
      ],
      "note": "",
      "returns": {
        "r_1d": -0.007130533212020722,
        "r_5d": 0.08867424192280743,
        "r_20d": 0.14840931841548613,
        "r_60d": 0.2393263156465287,
        "r_120d": 0.345544034450222,
        "r_ytd": 0.3059965815478032
      },
      "strength": {
        "short": 86,
        "mid": 82,
        "long": 85,
        "composite": 84
      },
      "rank": {
        "short": 5,
        "mid": 5,
        "long": 5,
        "composite": 5
      }
    },
    {
      "id": "robotics",
      "name": "机器人",
      "us_etfs": [
        "BOTZ",
        "ROBO",
        "ARKQ"
      ],
      "primary_us": "BOTZ",
      "tags": [
        "机器人",
        "智能制造"
      ],
      "note": "",
      "returns": {
        "r_1d": -0.020502183324321317,
        "r_5d": 0.029890784558636974,
        "r_20d": 0.06202939785470345,
        "r_60d": 0.048054251754002596,
        "r_120d": 0.1353118995130068,
        "r_ytd": 0.0875787444626978
      },
      "strength": {
        "short": 65,
        "mid": 71,
        "long": 52,
        "composite": 62
      },
      "rank": {
        "short": 8,
        "mid": 8,
        "long": 8,
        "composite": 8
      }
    },
    {
      "id": "gold_metals",
      "name": "黄金/有色",
      "us_etfs": [
        "GLD",
        "SLV",
        "PICK"
      ],
      "primary_us": "GLD",
      "tags": [
        "黄金",
        "贵金属",
        "有色"
      ],
      "note": "",
      "returns": {
        "r_1d": -0.013398563535697896,
        "r_5d": -0.00734160982750804,
        "r_20d": -0.03232461953873994,
        "r_60d": -0.1819379808150558,
        "r_120d": 0.05342277965627976,
        "r_ytd": 0.02531213783466983
      },
      "strength": {
        "short": 11,
        "mid": 5,
        "long": 39,
        "composite": 20
      },
      "rank": {
        "short": 13,
        "mid": 13,
        "long": 13,
        "composite": 13
      }
    },
    {
      "id": "china_internet",
      "name": "中概互联网/港股",
      "us_etfs": [
        "KWEB",
        "CQQQ"
      ],
      "primary_us": "KWEB",
      "tags": [
        "中概",
        "港股",
        "互联网"
      ],
      "note": "",
      "returns": {
        "r_1d": -0.008103149631616232,
        "r_5d": -0.044837580275600544,
        "r_20d": -0.03880812159838684,
        "r_60d": -0.12531536490320344,
        "r_120d": -0.2705472668039817,
        "r_ytd": -0.2758707245626963
      },
      "strength": {
        "short": 7,
        "mid": 11,
        "long": 10,
        "composite": 10
      },
      "rank": {
        "short": 14,
        "mid": 14,
        "long": 14,
        "composite": 14
      }
    },
    {
      "id": "financial",
      "name": "金融/券商银行",
      "us_etfs": [
        "XLF",
        "KBE",
        "KRE"
      ],
      "primary_us": "XLF",
      "tags": [
        "金融",
        "银行",
        "券商"
      ],
      "note": "",
      "returns": {
        "r_1d": -0.008327739018853609,
        "r_5d": 0.006242698878952366,
        "r_20d": -0.008327739018853609,
        "r_60d": 0.00746362450557315,
        "r_120d": -0.018625133004842438,
        "r_ytd": -0.060905253813257974
      },
      "strength": {
        "short": 37,
        "mid": 46,
        "long": 29,
        "composite": 37
      },
      "rank": {
        "short": 12,
        "mid": 12,
        "long": 12,
        "composite": 12
      }
    },
    {
      "id": "solar_clean_energy",
      "name": "光伏/清洁能源",
      "us_etfs": [
        "TAN",
        "ICLN"
      ],
      "primary_us": "TAN",
      "tags": [
        "光伏",
        "清洁能源"
      ],
      "note": "",
      "returns": {
        "r_1d": 0.02222796094856374,
        "r_5d": 0.14537261408669505,
        "r_20d": 0.2018848629086412,
        "r_60d": 0.22399487616779656,
        "r_120d": 0.39229173678976176,
        "r_ytd": 0.31223293111157285
      },
      "strength": {
        "short": 96,
        "mid": 86,
        "long": 89,
        "composite": 89
      },
      "rank": {
        "short": 3,
        "mid": 3,
        "long": 3,
        "composite": 3
      }
    },
    {
      "id": "biotech",
      "name": "生物科技/创新药",