{
  "schema_version": "1.0",
  "generated_at": "2026-04-13T16:00:00+08:00",
  "themes": [
    {
      "id": "storage_dram",
      "name": "存储芯片",
      "us_etfs": [
        "DRAM",
        "SOXX",
        "SMH"
      ],
      "primary_us": "DRAM",
      "tags": [
        "DRAM",
        "NAND",
        "半导体"
      ],
      "note": "A股无纯存储基金, 用半导体宽主题替代",
      "returns": {
        "r_1d": 0.0339529109478004,
        "r_5d": 0.14023893876964297,
        "r_20d": null,
        "r_60d": null,
        "r_120d": null,
        "r_ytd": 0.18944069679369266
      },
      "strength": {
        "short": 99,
        "mid": 0,
        "long": 79,
        "composite": 51
      },
      "rank": {
        "short": 9,
        "mid": 9,
        "long": 9,
        "composite": 9
      }
    },
    {
      "id": "semiconductor",
      "name": "半导体",
      "us_etfs": [
        "SOXX",
        "SMH",
        "XSD"
      ],
      "primary_us": "SOXX",
      "tags": [
        "半导体",
        "芯片"
      ],
      "note": "",
      "returns": {
        "r_1d": 0.017283772789219796,
        "r_5d": 0.1337420270813356,
        "r_20d": 0.1722055016022758,
        "r_60d": 0.17045652526179889,
        "r_120d": 0.3132036963397261,
        "r_ytd": 0.2268850231046142
      },
      "strength": {
        "short": 93,
        "mid": 99,
        "long": 90,
        "composite": 94
      },
      "rank": {
        "short": 1,
        "mid": 1,
        "long": 1,
        "composite": 1
      }
    },
    {
      "id": "cybersecurity",
      "name": "网络安全",
      "us_etfs": [
        "CIBR",
        "BUG"
      ],
      "primary_us": "CIBR",
      "tags": [
        "网络安全",
        "计算机"
      ],
      "note": "A股无纯网络安全 ETF, 映射纯度低",
      "returns": {
        "r_1d": 0.03954355180140262,
        "r_5d": -0.015233981583385278,
        "r_20d": -0.02880893137428202,
        "r_60d": -0.13459909162876782,
        "r_120d": -0.16845409888617913,
        "r_ytd": -0.11027927684825027
      },
      "strength": {
        "short": 68,
        "mid": 11,
        "long": 21,
        "composite": 26
      },
      "rank": {
        "short": 13,
        "mid": 13,
        "long": 13,
        "composite": 13
      }
    },
    {
      "id": "ai_compute",
      "name": "AI算力",
      "us_etfs": [
        "THNQ",
        "AIQ",
        "QQQ"
      ],
      "primary_us": "THNQ",
      "tags": [
        "AI",
        "人工智能",
        "算力"
      ],
      "note": "",
      "returns": {
        "r_1d": 0.03135848021465131,
        "r_5d": 0.053728082914329484,
        "r_20d": 0.054977315014544115,
        "r_60d": -0.023833837204959567,
        "r_120d": -0.019342141572922217,
        "r_ytd": -0.015636454834466674
      },
      "strength": {
        "short": 86,
        "mid": 58,
        "long": 38,
        "composite": 56
      },
      "rank": {
        "short": 7,
        "mid": 7,
        "long": 7,
        "composite": 7
      }
    },
    {
      "id": "energy_oil",
      "name": "原油/能源",
      "us_etfs": [
        "XLE",
        "USO"
      ],
      "primary_us": "XLE",
      "tags": [
        "原油",
        "能源"
      ],
      "note": "",
      "returns": {
        "r_1d": 0.002981185632390243,
        "r_5d": -0.044017717644971525,
        "r_20d": -0.0037654509785647818,
        "r_60d": 0.17904147987640617,
        "r_120d": 0.2990123895808683,
        "r_ytd": 0.23048809924101968
      },
      "strength": {
        "short": 4,
        "mid": 89,
        "long": 86,
        "composite": 71
      },
      "rank": {
        "short": 5,
        "mid": 5,
        "long": 5,
        "composite": 5
      }
    },
    {
      "id": "new_energy_vehicle",
      "name": "新能源车/锂电",
      "us_etfs": [
        "DRIV",
        "LIT",
        "HAIL"
      ],
      "primary_us": "DRIV",
      "tags": [
        "新能源车",
        "锂电池"
      ],
      "note": "",
      "returns": {
        "r_1d": 0.019552729521918822,
        "r_5d": 0.07900467922343912,
        "r_20d": 0.10929765068242067,
        "r_60d": 0.03853684985112983,
        "r_120d": 0.1558051002068027,
        "r_ytd": 0.0987365062199137
      },
      "strength": {
        "short": 89,
        "mid": 84,
        "long": 68,
        "composite": 79
      },
      "rank": {
        "short": 3,
        "mid": 3,
        "long": 3,
        "composite": 3
      }
    },
    {
      "id": "robotics",
      "name": "机器人",
      "us_etfs": [
        "BOTZ",
        "ROBO",
        "ARKQ"
      ],
      "primary_us": "BOTZ",
      "tags": [
        "机器人",
        "智能制造"
      ],
      "note": "",
      "returns": {
        "r_1d": 0.015126364153366953,
        "r_5d": 0.06845688347737319,
        "r_20d": 0.032206154695130274,
        "r_60d": -0.054900868082153054,
        "r_120d": 0.002087056315402074,
        "r_ytd": -0.020363880925056196
      },
      "strength": {
        "short": 82,
        "mid": 36,
        "long": 42,
        "composite": 48
      },
      "rank": {
        "short": 11,
        "mid": 11,
        "long": 11,
        "composite": 11
      }
    },
    {
      "id": "gold_metals",
      "name": "黄金/有色",
      "us_etfs": [
        "GLD",
        "SLV",
        "PICK"
      ],
      "primary_us": "GLD",
      "tags": [
        "黄金",
        "贵金属",
        "有色"
      ],
      "note": "",
      "returns": {
        "r_1d": -0.004057403475821635,
        "r_5d": 0.01786815163364337,
        "r_20d": -0.05687766183504449,
        "r_60d": 0.021874744377054882,
        "r_120d": 0.11261963014614909,
        "r_ytd": 0.08901796893326559
      },
      "strength": {
        "short": 58,
        "mid": 30,
        "long": 58,
        "composite": 47
      },
      "rank": {
        "short": 12,
        "mid": 12,
        "long": 12,
        "composite": 12
      }
    },
    {
      "id": "china_internet",
      "name": "中概互联网/港股",
      "us_etfs": [
        "KWEB",
        "CQQQ"
      ],
      "primary_us": "KWEB",
      "tags": [
        "中概",
        "港股",
        "互联网"
      ],
      "note": "",
      "returns": {
        "r_1d": 0.0006965709229219994,
        "r_5d": 0.020401690275331546,
        "r_20d": -0.04892281780872173,
        "r_60d": -0.24844744724486276,
        "r_120d": -0.2593143636130017,
        "r_ytd": -0.21559428932396546
      },
      "strength": {
        "short": 64,
        "mid": 4,
        "long": 12,
        "composite": 19
      },
      "rank": {
        "short": 14,
        "mid": 14,
        "long": 14,
        "composite": 14
      }
    },
    {
      "id": "financial",
      "name": "金融/券商银行",
      "us_etfs": [
        "XLF",
        "KBE",
        "KRE"
      ],
      "primary_us": "XLF",
      "tags": [
        "金融",
        "银行",
        "券商"
      ],
      "note": "",
      "returns": {
        "r_1d": 0.017378146738275733,
        "r_5d": 0.0350636424884663,
        "r_20d": 0.060238108594741005,
        "r_60d": -0.04194700581549499,
        "r_120d": -0.0013992935567803781,
        "r_ytd": -0.05624863532722525
      },
      "strength": {
        "short": 79,
        "mid": 52,
        "long": 33,
        "composite": 50
      },
      "rank": {
        "short": 10,
        "mid": 10,
        "long": 10,
        "composite": 10
      }
    },
    {
      "id": "solar_clean_energy",
      "name": "光伏/清洁能源",
      "us_etfs": [
        "TAN",
        "ICLN"
      ],
      "primary_us": "TAN",
      "tags": [
        "光伏",
        "清洁能源"
      ],
      "note": "",
      "returns": {
        "r_1d": -0.005992899315508944,
        "r_5d": 0.013570750522606017,
        "r_20d": -0.008705160720565219,
        "r_60d": 0.06412572965330404,
        "r_120d": 0.16477154339100772,
        "r_ytd": 0.06199173339305152
      },
      "strength": {
        "short": 49,
        "mid": 66,
        "long": 63,
        "composite": 61
      },
      "rank": {
        "short": 6,
        "mid": 6,
        "long": 6,
        "composite": 6
      }
    },
    {
      "id": "biotech",
      "name": "生物科技/创新药",