{
  "schema_version": "1.0",
  "generated_at": "2026-06-02T16:00:00+08:00",
  "themes": [
    {
      "id": "storage_dram",
      "name": "存储芯片",
      "us_etfs": [
        "DRAM",
        "SOXX",
        "SMH"
      ],
      "primary_us": "DRAM",
      "tags": [
        "DRAM",
        "NAND",
        "半导体"
      ],
      "note": "A股无纯存储基金, 用半导体宽主题替代",
      "returns": {
        "r_1d": 0.022825730372843044,
        "r_5d": 0.13952482265338792,
        "r_20d": 0.4935354624810549,
        "r_60d": null,
        "r_120d": null,
        "r_ytd": 0.918737291665323
      },
      "strength": {
        "short": 99,
        "mid": 99,
        "long": 99,
        "composite": 99
      },
      "rank": {
        "short": 1,
        "mid": 1,
        "long": 1,
        "composite": 1
      }
    },
    {
      "id": "semiconductor",
      "name": "半导体",
      "us_etfs": [
        "SOXX",
        "SMH",
        "XSD"
      ],
      "primary_us": "SOXX",
      "tags": [
        "半导体",
        "芯片"
      ],
      "note": "",
      "returns": {
        "r_1d": 0.056244989172549456,
        "r_5d": 0.059467218490067544,
        "r_20d": 0.26956676618682407,
        "r_60d": 0.6266473422981627,
        "r_120d": 0.6619053852888491,
        "r_ytd": 0.6574722257251422
      },
      "strength": {
        "short": 96,
        "mid": 96,
        "long": 96,
        "composite": 96
      },
      "rank": {
        "short": 2,
        "mid": 2,
        "long": 2,
        "composite": 2
      }
    },
    {
      "id": "cybersecurity",
      "name": "网络安全",
      "us_etfs": [
        "CIBR",
        "BUG"
      ],
      "primary_us": "CIBR",
      "tags": [
        "网络安全",
        "计算机"
      ],
      "note": "A股无纯网络安全 ETF, 映射纯度低",
      "returns": {
        "r_1d": 0.0018039816835255698,
        "r_5d": 0.11017839329919889,
        "r_20d": 0.30177583229210414,
        "r_60d": 0.35877593786917156,
        "r_120d": 0.2308957156254267,
        "r_ytd": 0.29026793709269216
      },
      "strength": {
        "short": 93,
        "mid": 89,
        "long": 72,
        "composite": 83
      },
      "rank": {
        "short": 5,
        "mid": 5,
        "long": 5,
        "composite": 5
      }
    },
    {
      "id": "ai_compute",
      "name": "AI算力",
      "us_etfs": [
        "THNQ",
        "AIQ",
        "QQQ"
      ],
      "primary_us": "THNQ",
      "tags": [
        "AI",
        "人工智能",
        "算力"
      ],
      "note": "",
      "returns": {
        "r_1d": 0.008806841617444716,
        "r_5d": 0.07549072950074773,
        "r_20d": 0.2284505829543172,
        "r_60d": 0.43983866991382503,
        "r_120d": 0.35121155319961017,
        "r_ytd": 0.3732169491973459
      },
      "strength": {
        "short": 89,
        "mid": 93,
        "long": 86,
        "composite": 89
      },
      "rank": {
        "short": 3,
        "mid": 3,
        "long": 3,
        "composite": 3
      }
    },
    {
      "id": "energy_oil",
      "name": "原油/能源",
      "us_etfs": [
        "XLE",
        "USO"
      ],
      "primary_us": "XLE",
      "tags": [
        "原油",
        "能源"
      ],
      "note": "",
      "returns": {
        "r_1d": 0.011452491250764429,
        "r_5d": 0.0018996743934204775,
        "r_20d": -0.024372750094126244,
        "r_60d": 0.030786782071655583,
        "r_120d": 0.25880129739166047,
        "r_ytd": 0.24526195753358418
      },
      "strength": {
        "short": 69,
        "mid": 44,
        "long": 68,
        "composite": 59
      },
      "rank": {
        "short": 8,
        "mid": 8,
        "long": 8,
        "composite": 8
      }
    },
    {
      "id": "new_energy_vehicle",
      "name": "新能源车/锂电",
      "us_etfs": [
        "DRIV",
        "LIT",
        "HAIL"
      ],
      "primary_us": "DRIV",
      "tags": [
        "新能源车",
        "锂电池"
      ],
      "note": "",
      "returns": {
        "r_1d": 0.022830934640080063,
        "r_5d": 0.020668248393245207,
        "r_20d": 0.12680251267428994,
        "r_60d": 0.3436931424829005,
        "r_120d": 0.3464813375159794,
        "r_ytd": 0.3337953631530689
      },
      "strength": {
        "short": 75,
        "mid": 82,
        "long": 81,
        "composite": 80
      },
      "rank": {
        "short": 6,
        "mid": 6,
        "long": 6,
        "composite": 6
      }
    },
    {
      "id": "robotics",
      "name": "机器人",
      "us_etfs": [
        "BOTZ",
        "ROBO",
        "ARKQ"
      ],
      "primary_us": "BOTZ",
      "tags": [
        "机器人",
        "智能制造"
      ],
      "note": "",
      "returns": {
        "r_1d": 0.000984759227271231,
        "r_5d": -0.006377312104574929,
        "r_20d": 0.057216269842184,
        "r_60d": 0.11873696536905345,
        "r_120d": 0.1011209296475499,
        "r_ytd": 0.10170361568244414
      },
      "strength": {
        "short": 26,
        "mid": 76,
        "long": 55,
        "composite": 58
      },
      "rank": {
        "short": 9,
        "mid": 9,
        "long": 9,
        "composite": 9
      }
    },
    {
      "id": "gold_metals",
      "name": "黄金/有色",
      "us_etfs": [
        "GLD",
        "SLV",
        "PICK"
      ],
      "primary_us": "GLD",
      "tags": [
        "黄金",
        "贵金属",
        "有色"
      ],
      "note": "",
      "returns": {
        "r_1d": 0.0016763707549161957,
        "r_5d": -0.004963961431402966,
        "r_20d": -0.00667744778033637,
        "r_60d": -0.1392710399572977,
        "r_120d": 0.06656832878491162,
        "r_ytd": 0.03374673993896487
      },
      "strength": {
        "short": 35,
        "mid": 8,
        "long": 44,
        "composite": 28
      },
      "rank": {
        "short": 14,
        "mid": 14,
        "long": 14,
        "composite": 14
      }
    },
    {
      "id": "china_internet",
      "name": "中概互联网/港股",
      "us_etfs": [
        "KWEB",
        "CQQQ"
      ],
      "primary_us": "KWEB",
      "tags": [
        "中概",
        "港股",
        "互联网"
      ],
      "note": "",
      "returns": {
        "r_1d": 0.034839196086860244,
        "r_5d": 0.03850087648474204,
        "r_20d": -0.009135700521946552,
        "r_60d": -0.04756234750967399,
        "r_120d": -0.22234626749778538,
        "r_ytd": -0.22926669844633796
      },
      "strength": {
        "short": 86,
        "mid": 22,
        "long": 12,
        "composite": 31
      },
      "rank": {
        "short": 12,
        "mid": 12,
        "long": 12,
        "composite": 12
      }
    },
    {
      "id": "financial",
      "name": "金融/券商银行",
      "us_etfs": [
        "XLF",
        "KBE",
        "KRE"
      ],
      "primary_us": "XLF",
      "tags": [
        "金融",
        "银行",
        "券商"
      ],
      "note": "",
      "returns": {
        "r_1d": 0.0005831233419162457,
        "r_5d": -0.007550116184270611,
        "r_20d": -0.002329246889963826,
        "r_60d": 0.022573449411004164,
        "r_120d": -0.029886796093504597,
        "r_ytd": -0.060127630978674865
      },
      "strength": {
        "short": 20,
        "mid": 50,
        "long": 28,
        "composite": 35
      },
      "rank": {
        "short": 11,
        "mid": 11,
        "long": 11,
        "composite": 11
      }
    },
    {
      "id": "solar_clean_energy",
      "name": "光伏/清洁能源",
      "us_etfs": [
        "TAN",
        "ICLN"
      ],
      "primary_us": "TAN",
      "tags": [
        "光伏",
        "清洁能源"
      ],
      "note": "",
      "returns": {
        "r_1d": 0.015899908713127988,
        "r_5d": 0.04688244576576908,
        "r_20d": 0.21343567512311928,
        "r_60d": 0.30484805552395927,
        "r_120d": 0.41778640050567745,
        "r_ytd": 0.3368874159287781
      },
      "strength": {
        "short": 82,
        "mid": 86,
        "long": 90,
        "composite": 87
      },
      "rank": {
        "short": 4,
        "mid": 4,
        "long": 4,
        "composite": 4
      }
    },
    {
      "id": "biotech",
      "name": "生物科技/创新药",