{
  "schema_version": "1.0",
  "generated_at": "2026-04-27T16:00:00+08:00",
  "themes": [
    {
      "id": "storage_dram",
      "name": "存储芯片",
      "us_etfs": [
        "DRAM",
        "SOXX",
        "SMH"
      ],
      "primary_us": "DRAM",
      "tags": [
        "DRAM",
        "NAND",
        "半导体"
      ],
      "note": "A股无纯存储基金, 用半导体宽主题替代",
      "returns": {
        "r_1d": 0.036165982519652876,
        "r_5d": 0.09512870885769616,
        "r_20d": null,
        "r_60d": null,
        "r_120d": null,
        "r_ytd": 0.32887862042425203
      },
      "strength": {
        "short": 99,
        "mid": 0,
        "long": 92,
        "composite": 57
      },
      "rank": {
        "short": 9,
        "mid": 9,
        "long": 9,
        "composite": 9
      }
    },
    {
      "id": "semiconductor",
      "name": "半导体",
      "us_etfs": [
        "SOXX",
        "SMH",
        "XSD"
      ],
      "primary_us": "SOXX",
      "tags": [
        "半导体",
        "芯片"
      ],
      "note": "",
      "returns": {
        "r_1d": -0.013500626340740373,
        "r_5d": 0.08679383990155057,
        "r_20d": 0.34206078942022633,
        "r_60d": 0.23257606856671578,
        "r_120d": 0.39789730383773314,
        "r_ytd": 0.37340880394359743
      },
      "strength": {
        "short": 96,
        "mid": 99,
        "long": 97,
        "composite": 98
      },
      "rank": {
        "short": 1,
        "mid": 1,
        "long": 1,
        "composite": 1
      }
    },
    {
      "id": "cybersecurity",
      "name": "网络安全",
      "us_etfs": [
        "CIBR",
        "BUG"
      ],
      "primary_us": "CIBR",
      "tags": [
        "网络安全",
        "计算机"
      ],
      "note": "A股无纯网络安全 ETF, 映射纯度低",
      "returns": {
        "r_1d": 0.004599832813787302,
        "r_5d": 0.007429454341624293,
        "r_20d": 0.10593645948093287,
        "r_60d": -0.027584118706869158,
        "r_120d": -0.13059789524220058,
        "r_ytd": -0.04355720631691834
      },
      "strength": {
        "short": 71,
        "mid": 62,
        "long": 25,
        "composite": 49
      },
      "rank": {
        "short": 10,
        "mid": 10,
        "long": 10,
        "composite": 10
      }
    },
    {
      "id": "ai_compute",
      "name": "AI算力",
      "us_etfs": [
        "THNQ",
        "AIQ",
        "QQQ"
      ],
      "primary_us": "THNQ",
      "tags": [
        "AI",
        "人工智能",
        "算力"
      ],
      "note": "",
      "returns": {
        "r_1d": -0.011971092001115886,
        "r_5d": 0.02438109636107977,
        "r_20d": 0.22503587533123154,
        "r_60d": 0.08011740893818335,
        "r_120d": 0.043190499685955,
        "r_ytd": 0.10347963477277072
      },
      "strength": {
        "short": 75,
        "mid": 96,
        "long": 53,
        "composite": 75
      },
      "rank": {
        "short": 4,
        "mid": 4,
        "long": 4,
        "composite": 4
      }
    },
    {
      "id": "energy_oil",
      "name": "原油/能源",
      "us_etfs": [
        "XLE",
        "USO"
      ],
      "primary_us": "XLE",
      "tags": [
        "原油",
        "能源"
      ],
      "note": "",
      "returns": {
        "r_1d": -0.0017599172908956157,
        "r_5d": 0.030402927513320844,
        "r_20d": -0.09711809294252484,
        "r_60d": 0.12334921184829159,
        "r_120d": 0.2683429807894793,
        "r_ytd": 0.22451688112306384
      },
      "strength": {
        "short": 86,
        "mid": 45,
        "long": 82,
        "composite": 68
      },
      "rank": {
        "short": 7,
        "mid": 7,
        "long": 7,
        "composite": 7
      }
    },
    {
      "id": "new_energy_vehicle",
      "name": "新能源车/锂电",
      "us_etfs": [
        "DRIV",
        "LIT",
        "HAIL"
      ],
      "primary_us": "DRIV",
      "tags": [
        "新能源车",
        "锂电池"
      ],
      "note": "",
      "returns": {
        "r_1d": 0.006954791329918369,
        "r_5d": 0.019776275177968167,
        "r_20d": 0.20512074572463895,
        "r_60d": 0.09001621750473623,
        "r_120d": 0.1780630025303467,
        "r_ytd": 0.17705496868531784
      },
      "strength": {
        "short": 82,
        "mid": 92,
        "long": 75,
        "composite": 83
      },
      "rank": {
        "short": 2,
        "mid": 2,
        "long": 2,
        "composite": 2
      }
    },
    {
      "id": "robotics",
      "name": "机器人",
      "us_etfs": [
        "BOTZ",
        "ROBO",
        "ARKQ"
      ],
      "primary_us": "BOTZ",
      "tags": [
        "机器人",
        "智能制造"
      ],
      "note": "",
      "returns": {
        "r_1d": 0.029797881205845627,
        "r_5d": 0.026057577927155597,
        "r_20d": 0.17038997702186162,
        "r_60d": 0.013865561280006381,
        "r_120d": 0.021604616467628773,
        "r_ytd": 0.04734933833423174
      },
      "strength": {
        "short": 89,
        "mid": 82,
        "long": 46,
        "composite": 69
      },
      "rank": {
        "short": 6,
        "mid": 6,
        "long": 6,
        "composite": 6
      }
    },
    {
      "id": "gold_metals",
      "name": "黄金/有色",
      "us_etfs": [
        "GLD",
        "SLV",
        "PICK"
      ],
      "primary_us": "GLD",
      "tags": [
        "黄金",
        "贵金属",
        "有色"
      ],
      "note": "",
      "returns": {
        "r_1d": -0.007785532512716458,
        "r_5d": -0.027984076892852604,
        "r_20d": 0.03597399939485189,
        "r_60d": -0.14284488510413262,
        "r_120d": 0.15512043737652997,
        "r_ytd": 0.07637412362805247
      },
      "strength": {
        "short": 14,
        "mid": 16,
        "long": 60,
        "composite": 33
      },
      "rank": {
        "short": 12,
        "mid": 12,
        "long": 12,
        "composite": 12
      }
    },
    {
      "id": "china_internet",
      "name": "中概互联网/港股",
      "us_etfs": [
        "KWEB",
        "CQQQ"
      ],
      "primary_us": "KWEB",
      "tags": [
        "中概",
        "港股",
        "互联网"
      ],
      "note": "",
      "returns": {
        "r_1d": -0.01643678581848126,
        "r_5d": -0.06583793207905395,
        "r_20d": 0.015994681104400464,
        "r_60d": -0.24656252326757666,
        "r_120d": -0.2835094947885145,
        "r_ytd": -0.22820828641022803
      },
      "strength": {
        "short": 4,
        "mid": 5,
        "long": 11,
        "composite": 7
      },
      "rank": {
        "short": 14,
        "mid": 14,
        "long": 14,
        "composite": 14
      }
    },
    {
      "id": "financial",
      "name": "金融/券商银行",
      "us_etfs": [
        "XLF",
        "KBE",
        "KRE"
      ],
      "primary_us": "XLF",
      "tags": [
        "金融",
        "银行",
        "券商"
      ],
      "note": "",
      "returns": {
        "r_1d": 0.007556041105022416,
        "r_5d": -0.015703112327496632,
        "r_20d": 0.08034835597104914,
        "r_60d": -0.027905408626708126,
        "r_120d": -0.002134495606249576,
        "r_ytd": -0.053349212708235554
      },
      "strength": {
        "short": 26,
        "mid": 54,
        "long": 33,
        "composite": 40
      },
      "rank": {
        "short": 11,
        "mid": 11,
        "long": 11,
        "composite": 11
      }
    },
    {
      "id": "solar_clean_energy",
      "name": "光伏/清洁能源",
      "us_etfs": [
        "TAN",
        "ICLN"
      ],
      "primary_us": "TAN",
      "tags": [
        "光伏",
        "清洁能源"
      ],
      "note": "",
      "returns": {
        "r_1d": 0.0063242487035579725,
        "r_5d": 0.05498582881982444,
        "r_20d": 0.07370171594659568,
        "r_60d": 0.051391920830951676,
        "r_120d": 0.17800306907730992,
        "r_ytd": 0.12874768825495977
      },
      "strength": {
        "short": 93,
        "mid": 71,
        "long": 69,
        "composite": 75
      },
      "rank": {
        "short": 5,
        "mid": 5,
        "long": 5,
        "composite": 5
      }
    },
    {
      "id": "biotech",
      "name": "生物科技/创新药",