{
  "schema_version": "1.0",
  "generated_at": "2026-06-04T16:00:00+08:00",
  "themes": [
    {
      "id": "storage_dram",
      "name": "存储芯片",
      "us_etfs": [
        "DRAM",
        "SOXX",
        "SMH"
      ],
      "primary_us": "DRAM",
      "tags": [
        "DRAM",
        "NAND",
        "半导体"
      ],
      "note": "A股无纯存储基金, 用半导体宽主题替代",
      "returns": {
        "r_1d": -0.05924488732426243,
        "r_5d": 0.04881295390775084,
        "r_20d": 0.2998306046523291,
        "r_60d": null,
        "r_120d": null,
        "r_ytd": 0.8615027351570466
      },
      "strength": {
        "short": 16,
        "mid": 96,
        "long": 99,
        "composite": 81
      },
      "rank": {
        "short": 4,
        "mid": 4,
        "long": 4,
        "composite": 4
      }
    },
    {
      "id": "semiconductor",
      "name": "半导体",
      "us_etfs": [
        "SOXX",
        "SMH",
        "XSD"
      ],
      "primary_us": "SOXX",
      "tags": [
        "半导体",
        "芯片"
      ],
      "note": "",
      "returns": {
        "r_1d": -0.02127461923277379,
        "r_5d": 0.05674659650666609,
        "r_20d": 0.17319812874196028,
        "r_60d": 0.5766291329827372,
        "r_120d": 0.6467468196419621,
        "r_ytd": 0.6536633849360434
      },
      "strength": {
        "short": 93,
        "mid": 99,
        "long": 96,
        "composite": 97
      },
      "rank": {
        "short": 1,
        "mid": 1,
        "long": 1,
        "composite": 1
      }
    },
    {
      "id": "cybersecurity",
      "name": "网络安全",
      "us_etfs": [
        "CIBR",
        "BUG"
      ],
      "primary_us": "CIBR",
      "tags": [
        "网络安全",
        "计算机"
      ],
      "note": "A股无纯网络安全 ETF, 映射纯度低",
      "returns": {
        "r_1d": -0.010637828524901439,
        "r_5d": 0.080557319510816,
        "r_20d": 0.2566364803047215,
        "r_60d": 0.3229788186037486,
        "r_120d": 0.1799958091650055,
        "r_ytd": 0.25113200757348
      },
      "strength": {
        "short": 99,
        "mid": 93,
        "long": 66,
        "composite": 83
      },
      "rank": {
        "short": 3,
        "mid": 3,
        "long": 3,
        "composite": 3
      }
    },
    {
      "id": "ai_compute",
      "name": "AI算力",
      "us_etfs": [
        "THNQ",
        "AIQ",
        "QQQ"
      ],
      "primary_us": "THNQ",
      "tags": [
        "AI",
        "人工智能",
        "算力"
      ],
      "note": "",
      "returns": {
        "r_1d": -0.00955791696366938,
        "r_5d": 0.026850185672529576,
        "r_20d": 0.1484818304775272,
        "r_60d": 0.38771322797497343,
        "r_120d": 0.3119182046201397,
        "r_ytd": 0.34138545918498897
      },
      "strength": {
        "short": 84,
        "mid": 89,
        "long": 85,
        "composite": 86
      },
      "rank": {
        "short": 2,
        "mid": 2,
        "long": 2,
        "composite": 2
      }
    },
    {
      "id": "energy_oil",
      "name": "原油/能源",
      "us_etfs": [
        "XLE",
        "USO"
      ],
      "primary_us": "XLE",
      "tags": [
        "原油",
        "能源"
      ],
      "note": "",
      "returns": {
        "r_1d": 0.0006810985422353664,
        "r_5d": 0.031117449734423194,
        "r_20d": 0.030239885189718176,
        "r_60d": 0.061620436923375335,
        "r_120d": 0.25574501076479,
        "r_ytd": 0.258800008901219
      },
      "strength": {
        "short": 89,
        "mid": 65,
        "long": 71,
        "composite": 72
      },
      "rank": {
        "short": 5,
        "mid": 5,
        "long": 5,
        "composite": 5
      }
    },
    {
      "id": "new_energy_vehicle",
      "name": "新能源车/锂电",
      "us_etfs": [
        "DRIV",
        "LIT",
        "HAIL"
      ],
      "primary_us": "DRIV",
      "tags": [
        "新能源车",
        "锂电池"
      ],
      "note": "",
      "returns": {
        "r_1d": -0.004261982268276871,
        "r_5d": -0.0038341886203763307,
        "r_20d": 0.0592743927674417,
        "r_60d": 0.3012147178028717,
        "r_120d": 0.3189088438119594,
        "r_ytd": 0.3191101408858266
      },
      "strength": {
        "short": 26,
        "mid": 82,
        "long": 81,
        "composite": 70
      },
      "rank": {
        "short": 7,
        "mid": 7,
        "long": 7,
        "composite": 7
      }
    },
    {
      "id": "robotics",
      "name": "机器人",
      "us_etfs": [
        "BOTZ",
        "ROBO",
        "ARKQ"
      ],
      "primary_us": "BOTZ",
      "tags": [
        "机器人",
        "智能制造"
      ],
      "note": "",
      "returns": {
        "r_1d": -0.004729283769119292,
        "r_5d": -0.004977535083315574,
        "r_20d": 0.005002530584737678,
        "r_60d": 0.09961091086139368,
        "r_120d": 0.08345779901942132,
        "r_ytd": 0.08782832989231654
      },
      "strength": {
        "short": 20,
        "mid": 71,
        "long": 50,
        "composite": 52
      },
      "rank": {
        "short": 10,
        "mid": 10,
        "long": 10,
        "composite": 10
      }
    },
    {
      "id": "gold_metals",
      "name": "黄金/有色",
      "us_etfs": [
        "GLD",
        "SLV",
        "PICK"
      ],
      "primary_us": "GLD",
      "tags": [
        "黄金",
        "贵金属",
        "有色"
      ],
      "note": "",
      "returns": {
        "r_1d": 0.008301422193564091,
        "r_5d": -0.0036406040889915376,
        "r_20d": -0.04676535214189143,
        "r_60d": -0.1500678655053974,
        "r_120d": 0.055542067716313134,
        "r_ytd": 0.032094633947795104
      },
      "strength": {
        "short": 58,
        "mid": 9,
        "long": 40,
        "composite": 31
      },
      "rank": {
        "short": 13,
        "mid": 13,
        "long": 13,
        "composite": 13
      }
    },
    {
      "id": "china_internet",
      "name": "中概互联网/港股",
      "us_etfs": [
        "KWEB",
        "CQQQ"
      ],
      "primary_us": "KWEB",
      "tags": [
        "中概",
        "港股",
        "互联网"
      ],
      "note": "",
      "returns": {
        "r_1d": -0.0033118762604860724,
        "r_5d": 0.017475786709975988,
        "r_20d": -0.09252512191875117,
        "r_60d": -0.13302446867692752,
        "r_120d": -0.25626032293148565,
        "r_ytd": -0.27254791385865695
      },
      "strength": {
        "short": 80,
        "mid": 5,
        "long": 10,
        "composite": 22
      },
      "rank": {
        "short": 14,
        "mid": 14,
        "long": 14,
        "composite": 14
      }
    },
    {
      "id": "financial",
      "name": "金融/券商银行",
      "us_etfs": [
        "XLF",
        "KBE",
        "KRE"
      ],
      "primary_us": "XLF",
      "tags": [
        "金融",
        "银行",
        "券商"
      ],
      "note": "",
      "returns": {
        "r_1d": 0.02561754150430793,
        "r_5d": 0.017785084617924666,
        "r_20d": 0.006728824354565103,
        "r_60d": 0.046795789877364234,
        "r_120d": -0.023437888329330317,
        "r_ytd": -0.04604154069920097
      },
      "strength": {
        "short": 96,
        "mid": 56,
        "long": 29,
        "composite": 53
      },
      "rank": {
        "short": 8,
        "mid": 8,
        "long": 8,
        "composite": 8
      }
    },
    {
      "id": "solar_clean_energy",
      "name": "光伏/清洁能源",
      "us_etfs": [
        "TAN",
        "ICLN"
      ],
      "primary_us": "TAN",
      "tags": [
        "光伏",
        "清洁能源"
      ],
      "note": "",
      "returns": {
        "r_1d": 0.002131764074562895,
        "r_5d": -0.020932109834564203,
        "r_20d": 0.1526139238153355,
        "r_60d": 0.24924794197810643,
        "r_120d": 0.36744095052426834,
        "r_ytd": 0.3112396753711581
      },
      "strength": {
        "short": 8,
        "mid": 86,
        "long": 89,
        "composite": 72
      },
      "rank": {
        "short": 6,
        "mid": 6,
        "long": 6,
        "composite": 6
      }
    },
    {
      "id": "biotech",
      "name": "生物科技/创新药",