{
  "schema_version": "1.0",
  "generated_at": "2026-06-01T16:00:00+08:00",
  "themes": [
    {
      "id": "storage_dram",
      "name": "存储芯片",
      "us_etfs": [
        "DRAM",
        "SOXX",
        "SMH"
      ],
      "primary_us": "DRAM",
      "tags": [
        "DRAM",
        "NAND",
        "半导体"
      ],
      "note": "A股无纯存储基金, 用半导体宽主题替代",
      "returns": {
        "r_1d": 0.0732033919514683,
        "r_5d": 0.25261780408477635,
        "r_20d": 0.5204304298617178,
        "r_60d": null,
        "r_120d": null,
        "r_ytd": 0.8959115612924801
      },
      "strength": {
        "short": 99,
        "mid": 99,
        "long": 99,
        "composite": 99
      },
      "rank": {
        "short": 1,
        "mid": 1,
        "long": 1,
        "composite": 1
      }
    },
    {
      "id": "semiconductor",
      "name": "半导体",
      "us_etfs": [
        "SOXX",
        "SMH",
        "XSD"
      ],
      "primary_us": "SOXX",
      "tags": [
        "半导体",
        "芯片"
      ],
      "note": "",
      "returns": {
        "r_1d": 0.004995452025003112,
        "r_5d": 0.06240402734628723,
        "r_20d": 0.20536755519594588,
        "r_60d": 0.5272967978568419,
        "r_120d": 0.6164616244358522,
        "r_ytd": 0.6012272365525928
      },
      "strength": {
        "short": 89,
        "mid": 96,
        "long": 96,
        "composite": 95
      },
      "rank": {
        "short": 2,
        "mid": 2,
        "long": 2,
        "composite": 2
      }
    },
    {
      "id": "cybersecurity",
      "name": "网络安全",
      "us_etfs": [
        "CIBR",
        "BUG"
      ],
      "primary_us": "CIBR",
      "tags": [
        "网络安全",
        "计算机"
      ],
      "note": "A股无纯网络安全 ETF, 映射纯度低",
      "returns": {
        "r_1d": 0.055803554060561394,
        "r_5d": 0.11074469685796574,
        "r_20d": 0.3142670597274813,
        "r_60d": 0.360158807775617,
        "r_120d": 0.23215446158385583,
        "r_ytd": 0.2884639554091666
      },
      "strength": {
        "short": 96,
        "mid": 93,
        "long": 72,
        "composite": 85
      },
      "rank": {
        "short": 5,
        "mid": 5,
        "long": 5,
        "composite": 5
      }
    },
    {
      "id": "ai_compute",
      "name": "AI算力",
      "us_etfs": [
        "THNQ",
        "AIQ",
        "QQQ"
      ],
      "primary_us": "THNQ",
      "tags": [
        "AI",
        "人工智能",
        "算力"
      ],
      "note": "",
      "returns": {
        "r_1d": 0.036583353525005566,
        "r_5d": 0.0900521158881205,
        "r_20d": 0.23140295111127857,
        "r_60d": 0.4070844963743635,
        "r_120d": 0.344013190068047,
        "r_ytd": 0.3644101075799012
      },
      "strength": {
        "short": 93,
        "mid": 89,
        "long": 85,
        "composite": 88
      },
      "rank": {
        "short": 3,
        "mid": 3,
        "long": 3,
        "composite": 3
      }
    },
    {
      "id": "energy_oil",
      "name": "原油/能源",
      "us_etfs": [
        "XLE",
        "USO"
      ],
      "primary_us": "XLE",
      "tags": [
        "原油",
        "能源"
      ],
      "note": "",
      "returns": {
        "r_1d": 0.01778369466545817,
        "r_5d": -0.03750764900821264,
        "r_20d": -0.02669119737214261,
        "r_60d": 0.02092651988555079,
        "r_120d": 0.23640063276687887,
        "r_ytd": 0.2338094662828197
      },
      "strength": {
        "short": 8,
        "mid": 38,
        "long": 67,
        "composite": 44
      },
      "rank": {
        "short": 11,
        "mid": 11,
        "long": 11,
        "composite": 11
      }
    },
    {
      "id": "new_energy_vehicle",
      "name": "新能源车/锂电",
      "us_etfs": [
        "DRIV",
        "LIT",
        "HAIL"
      ],
      "primary_us": "DRIV",
      "tags": [
        "新能源车",
        "锂电池"
      ],
      "note": "",
      "returns": {
        "r_1d": -0.0006252790153463944,
        "r_5d": 0.028425236449569877,
        "r_20d": 0.0940119977071686,
        "r_60d": 0.3021067995248381,
        "r_120d": 0.32404760261664306,
        "r_ytd": 0.3109644285129889
      },
      "strength": {
        "short": 78,
        "mid": 82,
        "long": 81,
        "composite": 81
      },
      "rank": {
        "short": 6,
        "mid": 6,
        "long": 6,
        "composite": 6
      }
    },
    {
      "id": "robotics",
      "name": "机器人",
      "us_etfs": [
        "BOTZ",
        "ROBO",
        "ARKQ"
      ],
      "primary_us": "BOTZ",
      "tags": [
        "机器人",
        "智能制造"
      ],
      "note": "",
      "returns": {
        "r_1d": 0.011145550627236121,
        "r_5d": 0.00766470709776761,
        "r_20d": 0.05051579208421918,
        "r_60d": 0.10426633600557383,
        "r_120d": 0.10339438326989206,
        "r_ytd": 0.10071885645517306
      },
      "strength": {
        "short": 70,
        "mid": 75,
        "long": 55,
        "composite": 66
      },
      "rank": {
        "short": 7,
        "mid": 7,
        "long": 7,
        "composite": 7
      }
    },
    {
      "id": "gold_metals",
      "name": "黄金/有色",
      "us_etfs": [
        "GLD",
        "SLV",
        "PICK"
      ],
      "primary_us": "GLD",
      "tags": [
        "黄金",
        "贵金属",
        "有色"
      ],
      "note": "",
      "returns": {
        "r_1d": -0.0141482968401824,
        "r_5d": -0.0062054727313043765,
        "r_20d": -0.028571961501574365,
        "r_60d": -0.12523893401406513,
        "r_120d": 0.06224901867200137,
        "r_ytd": 0.03207036918404866
      },
      "strength": {
        "short": 4,
        "mid": 8,
        "long": 40,
        "composite": 20
      },
      "rank": {
        "short": 14,
        "mid": 14,
        "long": 14,
        "composite": 14
      }
    },
    {
      "id": "china_internet",
      "name": "中概互联网/港股",
      "us_etfs": [
        "KWEB",
        "CQQQ"
      ],
      "primary_us": "KWEB",
      "tags": [
        "中概",
        "港股",
        "互联网"
      ],
      "note": "",
      "returns": {
        "r_1d": 0.023295602037157897,
        "r_5d": 0.01658415599401066,
        "r_20d": -0.05059861025512709,
        "r_60d": -0.07191254630695447,
        "r_120d": -0.25851654133936425,
        "r_ytd": -0.2641058945331982
      },
      "strength": {
        "short": 86,
        "mid": 13,
        "long": 10,
        "composite": 26
      },
      "rank": {
        "short": 13,
        "mid": 13,
        "long": 13,
        "composite": 13
      }
    },
    {
      "id": "financial",
      "name": "金融/券商银行",
      "us_etfs": [
        "XLF",
        "KBE",
        "KRE"
      ],
      "primary_us": "XLF",
      "tags": [
        "金融",
        "银行",
        "券商"
      ],
      "note": "",
      "returns": {
        "r_1d": -0.0029123702318799498,
        "r_5d": -0.00986751407401825,
        "r_20d": -0.009482371408353535,
        "r_60d": 0.009023560555778588,
        "r_120d": -0.034202659489824094,
        "r_ytd": -0.060710754320591094
      },
      "strength": {
        "short": 14,
        "mid": 43,
        "long": 28,
        "composite": 31
      },
      "rank": {
        "short": 12,
        "mid": 12,
        "long": 12,
        "composite": 12
      }
    },
    {
      "id": "solar_clean_energy",
      "name": "光伏/清洁能源",
      "us_etfs": [
        "TAN",
        "ICLN"
      ],
      "primary_us": "TAN",
      "tags": [
        "光伏",
        "清洁能源"
      ],
      "note": "",
      "returns": {
        "r_1d": -0.03860955356504053,
        "r_5d": 0.07561231724235809,
        "r_20d": 0.18240586660876118,
        "r_60d": 0.2738598214275344,
        "r_120d": 0.39978744661794247,
        "r_ytd": 0.32098750721564995
      },
      "strength": {
        "short": 82,
        "mid": 86,
        "long": 89,
        "composite": 86
      },
      "rank": {
        "short": 4,
        "mid": 4,
        "long": 4,
        "composite": 4
      }
    },
    {
      "id": "biotech",
      "name": "生物科技/创新药",