{
  "schema_version": "1.0",
  "generated_at": "2026-05-05T16:00:00+08:00",
  "themes": [
    {
      "id": "storage_dram",
      "name": "存储芯片",
      "us_etfs": [
        "DRAM",
        "SOXX",
        "SMH"
      ],
      "primary_us": "DRAM",
      "tags": [
        "DRAM",
        "NAND",
        "半导体"
      ],
      "note": "A股无纯存储基金, 用半导体宽主题替代",
      "returns": {
        "r_1d": 0.08612800175336456,
        "r_5d": 0.215128632844281,
        "r_20d": 0.45257166282004,
        "r_60d": null,
        "r_120d": null,
        "r_ytd": 0.5113298309376327
      },
      "strength": {
        "short": 99,
        "mid": 99,
        "long": 99,
        "composite": 99
      },
      "rank": {
        "short": 1,
        "mid": 1,
        "long": 1,
        "composite": 1
      }
    },
    {
      "id": "semiconductor",
      "name": "半导体",
      "us_etfs": [
        "SOXX",
        "SMH",
        "XSD"
      ],
      "primary_us": "SOXX",
      "tags": [
        "半导体",
        "芯片"
      ],
      "note": "",
      "returns": {
        "r_1d": 0.04376273237263642,
        "r_5d": 0.09561890665782988,
        "r_20d": 0.3279449181374292,
        "r_60d": 0.3264064170874551,
        "r_120d": 0.47111055085316483,
        "r_ytd": 0.43166819191095457
      },
      "strength": {
        "short": 96,
        "mid": 96,
        "long": 94,
        "composite": 95
      },
      "rank": {
        "short": 2,
        "mid": 2,
        "long": 2,
        "composite": 2
      }
    },
    {
      "id": "cybersecurity",
      "name": "网络安全",
      "us_etfs": [
        "CIBR",
        "BUG"
      ],
      "primary_us": "CIBR",
      "tags": [
        "网络安全",
        "计算机"
      ],
      "note": "A股无纯网络安全 ETF, 映射纯度低",
      "returns": {
        "r_1d": 0.015929830875903182,
        "r_5d": 0.0539183058846932,
        "r_20d": 0.08262120537457528,
        "r_60d": 0.055953669077154114,
        "r_120d": -0.07495889440825021,
        "r_ytd": 0.0044219356764911
      },
      "strength": {
        "short": 79,
        "mid": 70,
        "long": 33,
        "composite": 57
      },
      "rank": {
        "short": 10,
        "mid": 10,
        "long": 10,
        "composite": 10
      }
    },
    {
      "id": "ai_compute",
      "name": "AI算力",
      "us_etfs": [
        "THNQ",
        "AIQ",
        "QQQ"
      ],
      "primary_us": "THNQ",
      "tags": [
        "AI",
        "人工智能",
        "算力"
      ],
      "note": "",
      "returns": {
        "r_1d": 0.021666360519468877,
        "r_5d": 0.0841108272459321,
        "r_20d": 0.2342172000327049,
        "r_60d": 0.20312828332468663,
        "r_120d": 0.12217681705052154,
        "r_ytd": 0.16643272676249746
      },
      "strength": {
        "short": 93,
        "mid": 93,
        "long": 62,
        "composite": 81
      },
      "rank": {
        "short": 5,
        "mid": 5,
        "long": 5,
        "composite": 5
      }
    },
    {
      "id": "energy_oil",
      "name": "原油/能源",
      "us_etfs": [
        "XLE",
        "USO"
      ],
      "primary_us": "XLE",
      "tags": [
        "原油",
        "能源"
      ],
      "note": "",
      "returns": {
        "r_1d": 0.0010097842193269404,
        "r_5d": 0.02970518311148759,
        "r_20d": -0.011872041135129654,
        "r_60d": 0.11665028087247137,
        "r_120d": 0.2895925281486057,
        "r_ytd": 0.2706444918470375
      },
      "strength": {
        "short": 71,
        "mid": 63,
        "long": 83,
        "composite": 73
      },
      "rank": {
        "short": 7,
        "mid": 7,
        "long": 7,
        "composite": 7
      }
    },
    {
      "id": "new_energy_vehicle",
      "name": "新能源车/锂电",
      "us_etfs": [
        "DRIV",
        "LIT",
        "HAIL"
      ],
      "primary_us": "DRIV",
      "tags": [
        "新能源车",
        "锂电池"
      ],
      "note": "",
      "returns": {
        "r_1d": 0.02251261249187652,
        "r_5d": 0.0719181998383386,
        "r_20d": 0.21119089239287323,
        "r_60d": 0.160687637041586,
        "r_120d": 0.23763563838167015,
        "r_ytd": 0.22950546297065563
      },
      "strength": {
        "short": 89,
        "mid": 89,
        "long": 78,
        "composite": 85
      },
      "rank": {
        "short": 4,
        "mid": 4,
        "long": 4,
        "composite": 4
      }
    },
    {
      "id": "robotics",
      "name": "机器人",
      "us_etfs": [
        "BOTZ",
        "ROBO",
        "ARKQ"
      ],
      "primary_us": "BOTZ",
      "tags": [
        "机器人",
        "智能制造"
      ],
      "note": "",
      "returns": {
        "r_1d": 0.009594237389806916,
        "r_5d": 0.02853223662207264,
        "r_20d": 0.1488743201232648,
        "r_60d": 0.033323310642679724,
        "r_120d": 0.0622111324825684,
        "r_ytd": 0.05408158323006697
      },
      "strength": {
        "short": 75,
        "mid": 79,
        "long": 48,
        "composite": 66
      },
      "rank": {
        "short": 8,
        "mid": 8,
        "long": 8,
        "composite": 8
      }
    },
    {
      "id": "gold_metals",
      "name": "黄金/有色",
      "us_etfs": [
        "GLD",
        "SLV",
        "PICK"
      ],
      "primary_us": "GLD",
      "tags": [
        "黄金",
        "贵金属",
        "有色"
      ],
      "note": "",
      "returns": {
        "r_1d": 0.008547670573807937,
        "r_5d": -0.008664899080300761,
        "r_20d": -0.03185854028044598,
        "r_60d": -0.08518074774759524,
        "r_120d": 0.10022813618526177,
        "r_ytd": 0.04897185829310916
      },
      "strength": {
        "short": 32,
        "mid": 18,
        "long": 53,
        "composite": 35
      },
      "rank": {
        "short": 11,
        "mid": 11,
        "long": 11,
        "composite": 11
      }
    },
    {
      "id": "china_internet",
      "name": "中概互联网/港股",
      "us_etfs": [
        "KWEB",
        "CQQQ"
      ],
      "primary_us": "KWEB",
      "tags": [
        "中概",
        "港股",
        "互联网"
      ],
      "note": "",
      "returns": {
        "r_1d": -0.0021008223784285164,
        "r_5d": 0.014830782661489487,
        "r_20d": 0.01661113365128622,
        "r_60d": -0.18448070760342816,
        "r_120d": -0.274524840596236,
        "r_ytd": -0.22223182030281988
      },
      "strength": {
        "short": 61,
        "mid": 7,
        "long": 11,
        "composite": 19
      },
      "rank": {
        "short": 14,
        "mid": 14,
        "long": 14,
        "composite": 14
      }
    },
    {
      "id": "financial",
      "name": "金融/券商银行",
      "us_etfs": [
        "XLF",
        "KBE",
        "KRE"
      ],
      "primary_us": "XLF",
      "tags": [
        "金融",
        "银行",
        "券商"
      ],
      "note": "",
      "returns": {
        "r_1d": 0.0001938222617479236,
        "r_5d": -0.00502704703255887,
        "r_20d": 0.03370771598872842,
        "r_60d": -0.04533223982948826,
        "r_120d": -0.0177817239219936,
        "r_ytd": -0.05760456182696319
      },
      "strength": {
        "short": 17,
        "mid": 37,
        "long": 29,
        "composite": 30
      },
      "rank": {
        "short": 12,
        "mid": 12,
        "long": 12,
        "composite": 12
      }
    },
    {
      "id": "solar_clean_energy",
      "name": "光伏/清洁能源",
      "us_etfs": [
        "TAN",
        "ICLN"
      ],
      "primary_us": "TAN",
      "tags": [
        "光伏",
        "清洁能源"
      ],
      "note": "",
      "returns": {
        "r_1d": 0.039135030340125436,
        "r_5d": 0.052238702942852565,
        "r_20d": 0.1269876422716818,
        "r_60d": 0.05015821075782179,
        "r_120d": 0.13846149333929345,
        "r_ytd": 0.1625867711457842
      },
      "strength": {
        "short": 86,
        "mid": 76,
        "long": 69,
        "composite": 75
      },
      "rank": {
        "short": 6,
        "mid": 6,
        "long": 6,
        "composite": 6
      }
    },
    {
      "id": "biotech",
      "name": "生物科技/创新药",