{
  "schema_version": "1.0",
  "generated_at": "2026-04-17T16:00:00+08:00",
  "themes": [
    {
      "id": "storage_dram",
      "name": "存储芯片",
      "us_etfs": [
        "DRAM",
        "SOXX",
        "SMH"
      ],
      "primary_us": "DRAM",
      "tags": [
        "DRAM",
        "NAND",
        "半导体"
      ],
      "note": "A股无纯存储基金, 用半导体宽主题替代",
      "returns": {
        "r_1d": 0.015574411613228558,
        "r_5d": 0.09298077407996333,
        "r_20d": null,
        "r_60d": null,
        "r_120d": null,
        "r_ytd": 0.24846855992585568
      },
      "strength": {
        "short": 96,
        "mid": 0,
        "long": 85,
        "composite": 53
      },
      "rank": {
        "short": 9,
        "mid": 9,
        "long": 9,
        "composite": 9
      }
    },
    {
      "id": "semiconductor",
      "name": "半导体",
      "us_etfs": [
        "SOXX",
        "SMH",
        "XSD"
      ],
      "primary_us": "SOXX",
      "tags": [
        "半导体",
        "芯片"
      ],
      "note": "",
      "returns": {
        "r_1d": 0.023757910836146805,
        "r_5d": 0.07259735473184623,
        "r_20d": 0.2004541931187852,
        "r_60d": 0.17799914929438898,
        "r_120d": 0.35853863033966177,
        "r_ytd": 0.28219860504724076
      },
      "strength": {
        "short": 86,
        "mid": 99,
        "long": 92,
        "composite": 94
      },
      "rank": {
        "short": 1,
        "mid": 1,
        "long": 1,
        "composite": 1
      }
    },
    {
      "id": "cybersecurity",
      "name": "网络安全",
      "us_etfs": [
        "CIBR",
        "BUG"
      ],
      "primary_us": "CIBR",
      "tags": [
        "网络安全",
        "计算机"
      ],
      "note": "A股无纯网络安全 ETF, 映射纯度低",
      "returns": {
        "r_1d": 0.008459343218288392,
        "r_5d": 0.0902987137913483,
        "r_20d": 0.02071899665694796,
        "r_60d": -0.050856115346773874,
        "r_120d": -0.14721133109007883,
        "r_ytd": -0.05952411485830454
      },
      "strength": {
        "short": 93,
        "mid": 27,
        "long": 23,
        "composite": 39
      },
      "rank": {
        "short": 13,
        "mid": 13,
        "long": 13,
        "composite": 13
      }
    },
    {
      "id": "ai_compute",
      "name": "AI算力",
      "us_etfs": [
        "THNQ",
        "AIQ",
        "QQQ"
      ],
      "primary_us": "THNQ",
      "tags": [
        "AI",
        "人工智能",
        "算力"
      ],
      "note": "",
      "returns": {
        "r_1d": 0.010466750752899497,
        "r_5d": 0.11831468315499068,
        "r_20d": 0.10930497138674405,
        "r_60d": 0.0628142759074857,
        "r_120d": 0.04875362869885211,
        "r_ytd": 0.07131974810587247
      },
      "strength": {
        "short": 99,
        "mid": 81,
        "long": 52,
        "composite": 73
      },
      "rank": {
        "short": 5,
        "mid": 5,
        "long": 5,
        "composite": 5
      }
    },
    {
      "id": "energy_oil",
      "name": "原油/能源",
      "us_etfs": [
        "XLE",
        "USO"
      ],
      "primary_us": "XLE",
      "tags": [
        "原油",
        "能源"
      ],
      "note": "",
      "returns": {
        "r_1d": -0.0279588344192667,
        "r_5d": -0.03430129391529994,
        "r_20d": -0.06941140219244159,
        "r_60d": 0.12750405025325043,
        "r_120d": 0.22754532671659525,
        "r_ytd": 0.19320561969332947
      },
      "strength": {
        "short": 4,
        "mid": 59,
        "long": 80,
        "composite": 56
      },
      "rank": {
        "short": 8,
        "mid": 8,
        "long": 8,
        "composite": 8
      }
    },
    {
      "id": "new_energy_vehicle",
      "name": "新能源车/锂电",
      "us_etfs": [
        "DRIV",
        "LIT",
        "HAIL"
      ],
      "primary_us": "DRIV",
      "tags": [
        "新能源车",
        "锂电池"
      ],
      "note": "",
      "returns": {
        "r_1d": 0.018776361306502638,
        "r_5d": 0.077954723702217,
        "r_20d": 0.16177823105819622,
        "r_60d": 0.07281182422946933,
        "r_120d": 0.20292540707707166,
        "r_ytd": 0.15713850040021185
      },
      "strength": {
        "short": 89,
        "mid": 91,
        "long": 71,
        "composite": 83
      },
      "rank": {
        "short": 3,
        "mid": 3,
        "long": 3,
        "composite": 3
      }
    },
    {
      "id": "robotics",
      "name": "机器人",
      "us_etfs": [
        "BOTZ",
        "ROBO",
        "ARKQ"
      ],
      "primary_us": "BOTZ",
      "tags": [
        "机器人",
        "智能制造"
      ],
      "note": "",
      "returns": {
        "r_1d": 0.018888871711966182,
        "r_5d": 0.05437911679038938,
        "r_20d": 0.07002441461790697,
        "r_60d": -0.007987242710905123,
        "r_120d": 0.005645977569326243,
        "r_ytd": 0.018888871711966182
      },
      "strength": {
        "short": 79,
        "mid": 67,
        "long": 40,
        "composite": 59
      },
      "rank": {
        "short": 7,
        "mid": 7,
        "long": 7,
        "composite": 7
      }
    },
    {
      "id": "gold_metals",
      "name": "黄金/有色",
      "us_etfs": [
        "GLD",
        "SLV",
        "PICK"
      ],
      "primary_us": "GLD",
      "tags": [
        "黄金",
        "贵金属",
        "有色"
      ],
      "note": "",
      "returns": {
        "r_1d": 0.013205474549607812,
        "r_5d": 0.019931327740745734,
        "r_20d": 0.04476063928230867,
        "r_60d": 0.005238703369515235,
        "r_120d": 0.16317998823807991,
        "r_ytd": 0.11300670014983305
      },
      "strength": {
        "short": 64,
        "mid": 54,
        "long": 65,
        "composite": 60
      },
      "rank": {
        "short": 6,
        "mid": 6,
        "long": 6,
        "composite": 6
      }
    },
    {
      "id": "china_internet",
      "name": "中概互联网/港股",
      "us_etfs": [
        "KWEB",
        "CQQQ"
      ],
      "primary_us": "KWEB",
      "tags": [
        "中概",
        "港股",
        "互联网"
      ],
      "note": "",
      "returns": {
        "r_1d": 0.011560834783145684,
        "r_5d": 0.05918886986255729,
        "r_20d": 0.04569154145890571,
        "r_60d": -0.15569771448933142,
        "r_120d": -0.220381306621036,
        "r_ytd": -0.15710199038433018
      },
      "strength": {
        "short": 75,
        "mid": 11,
        "long": 14,
        "composite": 25
      },
      "rank": {
        "short": 14,
        "mid": 14,
        "long": 14,
        "composite": 14
      }
    },
    {
      "id": "financial",
      "name": "金融/券商银行",
      "us_etfs": [
        "XLF",
        "KBE",
        "KRE"
      ],
      "primary_us": "XLF",
      "tags": [
        "金融",
        "银行",
        "券商"
      ],
      "note": "",
      "returns": {
        "r_1d": 0.007658500564386907,
        "r_5d": 0.03217331442935071,
        "r_20d": 0.07298990537332053,
        "r_60d": -0.014327527466964918,
        "r_120d": 0.006520311453119089,
        "r_ytd": -0.04145346763615036
      },
      "strength": {
        "short": 68,
        "mid": 63,
        "long": 34,
        "composite": 52
      },
      "rank": {
        "short": 10,
        "mid": 10,
        "long": 10,
        "composite": 10
      }
    },
    {
      "id": "solar_clean_energy",
      "name": "光伏/清洁能源",
      "us_etfs": [
        "TAN",
        "ICLN"
      ],
      "primary_us": "TAN",
      "tags": [
        "光伏",
        "清洁能源"
      ],
      "note": "",
      "returns": {
        "r_1d": 0.011676822577860364,
        "r_5d": -0.00181222364870572,
        "r_20d": -0.032479651313770376,
        "r_60d": 0.053654161131154315,
        "r_120d": 0.16959681235427243,
        "r_ytd": 0.06617240905985486
      },
      "strength": {
        "short": 52,
        "mid": 45,
        "long": 60,
        "composite": 52
      },
      "rank": {
        "short": 11,
        "mid": 11,
        "long": 11,
        "composite": 11
      }
    },
    {
      "id": "biotech",
      "name": "生物科技/创新药",