{
  "schema_version": "1.0",
  "generated_at": "2026-05-18T16:00:00+08:00",
  "themes": [
    {
      "id": "storage_dram",
      "name": "存储芯片",
      "us_etfs": [
        "DRAM",
        "SOXX",
        "SMH"
      ],
      "primary_us": "DRAM",
      "tags": [
        "DRAM",
        "NAND",
        "半导体"
      ],
      "note": "A股无纯存储基金, 用半导体宽主题替代",
      "returns": {
        "r_1d": -0.03545479524053868,
        "r_5d": -0.11045703499552711,
        "r_20d": 0.3409836166582932,
        "r_60d": null,
        "r_120d": null,
        "r_ytd": 0.5747335282248489
      },
      "strength": {
        "short": 7,
        "mid": 99,
        "long": 99,
        "composite": 81
      },
      "rank": {
        "short": 2,
        "mid": 2,
        "long": 2,
        "composite": 2
      }
    },
    {
      "id": "semiconductor",
      "name": "半导体",
      "us_etfs": [
        "SOXX",
        "SMH",
        "XSD"
      ],
      "primary_us": "SOXX",
      "tags": [
        "半导体",
        "芯片"
      ],
      "note": "",
      "returns": {
        "r_1d": -0.02519072303036728,
        "r_5d": -0.07175725847392625,
        "r_20d": 0.17190952243552504,
        "r_60d": 0.3224102377448699,
        "r_120d": 0.6069026061428996,
        "r_ytd": 0.458524486477572
      },
      "strength": {
        "short": 11,
        "mid": 96,
        "long": 95,
        "composite": 79
      },
      "rank": {
        "short": 4,
        "mid": 4,
        "long": 4,
        "composite": 4
      }
    },
    {
      "id": "cybersecurity",
      "name": "网络安全",
      "us_etfs": [
        "CIBR",
        "BUG"
      ],
      "primary_us": "CIBR",
      "tags": [
        "网络安全",
        "计算机"
      ],
      "note": "A股无纯网络安全 ETF, 映射纯度低",
      "returns": {
        "r_1d": 0.02338038741069021,
        "r_5d": 0.07025591176022854,
        "r_20d": 0.18802233442923807,
        "r_60d": 0.2378789491779526,
        "r_120d": 0.12741148758439894,
        "r_ytd": 0.13703567377069548
      },
      "strength": {
        "short": 99,
        "mid": 93,
        "long": 61,
        "composite": 81
      },
      "rank": {
        "short": 3,
        "mid": 3,
        "long": 3,
        "composite": 3
      }
    },
    {
      "id": "ai_compute",
      "name": "AI算力",
      "us_etfs": [
        "THNQ",
        "AIQ",
        "QQQ"
      ],
      "primary_us": "THNQ",
      "tags": [
        "AI",
        "人工智能",
        "算力"
      ],
      "note": "",
      "returns": {
        "r_1d": -0.009232156701493768,
        "r_5d": -0.028789852872047415,
        "r_20d": 0.11342085999364447,
        "r_60d": 0.20486428412217725,
        "r_120d": 0.2573544818282433,
        "r_ytd": 0.19251939840533533
      },
      "strength": {
        "short": 32,
        "mid": 89,
        "long": 70,
        "composite": 70
      },
      "rank": {
        "short": 6,
        "mid": 6,
        "long": 6,
        "composite": 6
      }
    },
    {
      "id": "energy_oil",
      "name": "原油/能源",
      "us_etfs": [
        "XLE",
        "USO"
      ],
      "primary_us": "XLE",
      "tags": [
        "原油",
        "能源"
      ],
      "note": "",
      "returns": {
        "r_1d": 0.018997458518805733,
        "r_5d": 0.057935582576854175,
        "r_20d": 0.0953597380916976,
        "r_60d": 0.10532830373820698,
        "r_120d": 0.31876836876174836,
        "r_ytd": 0.2894736917014407
      },
      "strength": {
        "short": 96,
        "mid": 80,
        "long": 88,
        "composite": 86
      },
      "rank": {
        "short": 1,
        "mid": 1,
        "long": 1,
        "composite": 1
      }
    },
    {
      "id": "new_energy_vehicle",
      "name": "新能源车/锂电",
      "us_etfs": [
        "DRIV",
        "LIT",
        "HAIL"
      ],
      "primary_us": "DRIV",
      "tags": [
        "新能源车",
        "锂电池"
      ],
      "note": "",
      "returns": {
        "r_1d": -0.017087424652956765,
        "r_5d": -0.05306428997115763,
        "r_20d": 0.08069853879805769,
        "r_60d": 0.1720136848527857,
        "r_120d": 0.33240041882760585,
        "r_ytd": 0.23797723230540743
      },
      "strength": {
        "short": 18,
        "mid": 85,
        "long": 83,
        "composite": 71
      },
      "rank": {
        "short": 5,
        "mid": 5,
        "long": 5,
        "composite": 5
      }
    },
    {
      "id": "robotics",
      "name": "机器人",
      "us_etfs": [
        "BOTZ",
        "ROBO",
        "ARKQ"
      ],
      "primary_us": "BOTZ",
      "tags": [
        "机器人",
        "智能制造"
      ],
      "note": "",
      "returns": {
        "r_1d": -0.009992531417733411,
        "r_5d": -0.03648419148692289,
        "r_20d": 0.0602795101889337,
        "r_60d": 0.020546096238819853,
        "r_120d": 0.17768214030340745,
        "r_ytd": 0.08157127059600996
      },
      "strength": {
        "short": 25,
        "mid": 64,
        "long": 57,
        "composite": 53
      },
      "rank": {
        "short": 8,
        "mid": 8,
        "long": 8,
        "composite": 8
      }
    },
    {
      "id": "gold_metals",
      "name": "黄金/有色",
      "us_etfs": [
        "GLD",
        "SLV",
        "PICK"
      ],
      "primary_us": "GLD",
      "tags": [
        "黄金",
        "贵金属",
        "有色"
      ],
      "note": "",
      "returns": {
        "r_1d": 0.0027281501848720967,
        "r_5d": -0.03803150108564344,
        "r_20d": -0.05500387857879069,
        "r_60d": -0.11328260067066925,
        "r_120d": 0.11153216166545758,
        "r_ytd": 0.04935432194211445
      },
      "strength": {
        "short": 36,
        "mid": 10,
        "long": 50,
        "composite": 31
      },
      "rank": {
        "short": 12,
        "mid": 12,
        "long": 12,
        "composite": 12
      }
    },
    {
      "id": "china_internet",
      "name": "中概互联网/港股",
      "us_etfs": [
        "KWEB",
        "CQQQ"
      ],
      "primary_us": "KWEB",
      "tags": [
        "中概",
        "港股",
        "互联网"
      ],
      "note": "",
      "returns": {
        "r_1d": -0.003912528955008707,
        "r_5d": -0.05309141592724395,
        "r_20d": -0.07647259962293204,
        "r_60d": -0.15303004559307648,
        "r_120d": -0.20273122786242323,
        "r_ytd": -0.23884295395410604
      },
      "strength": {
        "short": 21,
        "mid": 5,
        "long": 12,
        "composite": 11
      },
      "rank": {
        "short": 14,
        "mid": 14,
        "long": 14,
        "composite": 14
      }
    },
    {
      "id": "financial",
      "name": "金融/券商银行",
      "us_etfs": [
        "XLF",
        "KBE",
        "KRE"
      ],
      "primary_us": "XLF",
      "tags": [
        "金融",
        "银行",
        "券商"
      ],
      "note": "",
      "returns": {
        "r_1d": 0.012446741849277828,
        "r_5d": 0.010882372503855832,
        "r_20d": -0.017055110462193473,
        "r_60d": -0.009264327705859512,
        "r_120d": 0.009970034171826752,
        "r_ytd": -0.05470121084293235
      },
      "strength": {
        "short": 92,
        "mid": 38,
        "long": 30,
        "composite": 46
      },
      "rank": {
        "short": 10,
        "mid": 10,
        "long": 10,
        "composite": 10
      }
    },
    {
      "id": "solar_clean_energy",
      "name": "光伏/清洁能源",
      "us_etfs": [
        "TAN",
        "ICLN"
      ],
      "primary_us": "TAN",
      "tags": [
        "光伏",
        "清洁能源"
      ],
      "note": "",
      "returns": {
        "r_1d": -0.03684666225402658,
        "r_5d": -0.007003030804695306,
        "r_20d": 0.11964151715433144,
        "r_60d": 0.04642114901077092,
        "r_120d": 0.30958885213787857,
        "r_ytd": 0.19340337658946677
      },
      "strength": {
        "short": 29,
        "mid": 75,
        "long": 75,
        "composite": 66
      },
      "rank": {
        "short": 7,
        "mid": 7,
        "long": 7,
        "composite": 7
      }
    },
    {
      "id": "biotech",
      "name": "生物科技/创新药",