{
  "schema_version": "1.0",
  "generated_at": "2026-05-07T16:00:00+08:00",
  "themes": [
    {
      "id": "storage_dram",
      "name": "存储芯片",
      "us_etfs": [
        "DRAM",
        "SOXX",
        "SMH"
      ],
      "primary_us": "DRAM",
      "tags": [
        "DRAM",
        "NAND",
        "半导体"
      ],
      "note": "A股无纯存储基金, 用半导体宽主题替代",
      "returns": {
        "r_1d": -0.044741287054944935,
        "r_5d": 0.16853935433349893,
        "r_20d": 0.3629860060970288,
        "r_60d": null,
        "r_120d": null,
        "r_ytd": 0.5169308434497726
      },
      "strength": {
        "short": 99,
        "mid": 99,
        "long": 99,
        "composite": 99
      },
      "rank": {
        "short": 1,
        "mid": 1,
        "long": 1,
        "composite": 1
      }
    },
    {
      "id": "semiconductor",
      "name": "半导体",
      "us_etfs": [
        "SOXX",
        "SMH",
        "XSD"
      ],
      "primary_us": "SOXX",
      "tags": [
        "半导体",
        "芯片"
      ],
      "note": "",
      "returns": {
        "r_1d": -0.02904446551971155,
        "r_5d": 0.06485808117798934,
        "r_20d": 0.2626506320026622,
        "r_60d": 0.33781550526704784,
        "r_120d": 0.49860823341710975,
        "r_ytd": 0.45142079067437163
      },
      "strength": {
        "short": 89,
        "mid": 96,
        "long": 95,
        "composite": 94
      },
      "rank": {
        "short": 2,
        "mid": 2,
        "long": 2,
        "composite": 2
      }
    },
    {
      "id": "cybersecurity",
      "name": "网络安全",
      "us_etfs": [
        "CIBR",
        "BUG"
      ],
      "primary_us": "CIBR",
      "tags": [
        "网络安全",
        "计算机"
      ],
      "note": "A股无纯网络安全 ETF, 映射纯度低",
      "returns": {
        "r_1d": 0.04145456120661349,
        "r_5d": 0.08098886696723653,
        "r_20d": 0.14797161325392183,
        "r_60d": 0.062473007091596415,
        "r_120d": -0.03466048955449128,
        "r_ytd": 0.03595008847537186
      },
      "strength": {
        "short": 96,
        "mid": 80,
        "long": 36,
        "composite": 66
      },
      "rank": {
        "short": 7,
        "mid": 7,
        "long": 7,
        "composite": 7
      }
    },
    {
      "id": "ai_compute",
      "name": "AI算力",
      "us_etfs": [
        "THNQ",
        "AIQ",
        "QQQ"
      ],
      "primary_us": "THNQ",
      "tags": [
        "AI",
        "人工智能",
        "算力"
      ],
      "note": "",
      "returns": {
        "r_1d": 0.004472071674077823,
        "r_5d": 0.09244079857749594,
        "r_20d": 0.24518483597215207,
        "r_60d": 0.20298232798649024,
        "r_120d": 0.1706056685699273,
        "r_ytd": 0.1973757003815395
      },
      "strength": {
        "short": 93,
        "mid": 93,
        "long": 71,
        "composite": 84
      },
      "rank": {
        "short": 4,
        "mid": 4,
        "long": 4,
        "composite": 4
      }
    },
    {
      "id": "energy_oil",
      "name": "原油/能源",
      "us_etfs": [
        "XLE",
        "USO"
      ],
      "primary_us": "XLE",
      "tags": [
        "原油",
        "能源"
      ],
      "note": "",
      "returns": {
        "r_1d": -0.01859281944052212,
        "r_5d": -0.06403572573043168,
        "r_20d": -0.024365630465120105,
        "r_60d": 0.04979503195271496,
        "r_120d": 0.23002267030983345,
        "r_ytd": 0.2099673042709786
      },
      "strength": {
        "short": 4,
        "mid": 48,
        "long": 77,
        "composite": 51
      },
      "rank": {
        "short": 10,
        "mid": 10,
        "long": 10,
        "composite": 10
      }
    },
    {
      "id": "new_energy_vehicle",
      "name": "新能源车/锂电",
      "us_etfs": [
        "DRIV",
        "LIT",
        "HAIL"
      ],
      "primary_us": "DRIV",
      "tags": [
        "新能源车",
        "锂电池"
      ],
      "note": "",
      "returns": {
        "r_1d": -0.014741855257514399,
        "r_5d": 0.03764743405552772,
        "r_20d": 0.17627606693180087,
        "r_60d": 0.16894785509018911,
        "r_120d": 0.2608286806684902,
        "r_ytd": 0.2450938928608704
      },
      "strength": {
        "short": 82,
        "mid": 89,
        "long": 82,
        "composite": 85
      },
      "rank": {
        "short": 3,
        "mid": 3,
        "long": 3,
        "composite": 3
      }
    },
    {
      "id": "robotics",
      "name": "机器人",
      "us_etfs": [
        "BOTZ",
        "ROBO",
        "ARKQ"
      ],
      "primary_us": "BOTZ",
      "tags": [
        "机器人",
        "智能制造"
      ],
      "note": "",
      "returns": {
        "r_1d": -0.0012545287115688646,
        "r_5d": 0.03526172737126774,
        "r_20d": 0.1315607646296,
        "r_60d": 0.03760517723891541,
        "r_120d": 0.1001462734590118,
        "r_ytd": 0.08157127059600996
      },
      "strength": {
        "short": 86,
        "mid": 75,
        "long": 51,
        "composite": 68
      },
      "rank": {
        "short": 6,
        "mid": 6,
        "long": 6,
        "composite": 6
      }
    },
    {
      "id": "gold_metals",
      "name": "黄金/有色",
      "us_etfs": [
        "GLD",
        "SLV",
        "PICK"
      ],
      "primary_us": "GLD",
      "tags": [
        "黄金",
        "贵金属",
        "有色"
      ],
      "note": "",
      "returns": {
        "r_1d": 0.0016692975079796522,
        "r_5d": 0.018753300652320566,
        "r_20d": -0.014328862120682136,
        "r_60d": -0.06874574810591028,
        "r_120d": 0.11187311895932102,
        "r_ytd": 0.08052928359766626
      },
      "strength": {
        "short": 78,
        "mid": 21,
        "long": 55,
        "composite": 46
      },
      "rank": {
        "short": 11,
        "mid": 11,
        "long": 11,
        "composite": 11
      }
    },
    {
      "id": "china_internet",
      "name": "中概互联网/港股",
      "us_etfs": [
        "KWEB",
        "CQQQ"
      ],
      "primary_us": "KWEB",
      "tags": [
        "中概",
        "港股",
        "互联网"
      ],
      "note": "",
      "returns": {
        "r_1d": -0.00809720241664192,
        "r_5d": 0.02573482176456864,
        "r_20d": 0.025039878814901526,
        "r_60d": -0.15036888165715598,
        "r_120d": -0.2275258249513035,
        "r_ytd": -0.18811999435654772
      },
      "strength": {
        "short": 74,
        "mid": 10,
        "long": 13,
        "composite": 24
      },
      "rank": {
        "short": 14,
        "mid": 14,
        "long": 14,
        "composite": 14
      }
    },
    {
      "id": "financial",
      "name": "金融/券商银行",
      "us_etfs": [
        "XLF",
        "KBE",
        "KRE"
      ],
      "primary_us": "XLF",
      "tags": [
        "金融",
        "银行",
        "券商"
      ],
      "note": "",
      "returns": {
        "r_1d": -0.005609859324479099,
        "r_5d": -0.011188423606488864,
        "r_20d": 0.004276783418555274,
        "r_60d": -0.032936420296717776,
        "r_120d": -0.031685819506889014,
        "r_ytd": -0.058380224378245145
      },
      "strength": {
        "short": 9,
        "mid": 34,
        "long": 28,
        "composite": 27
      },
      "rank": {
        "short": 13,
        "mid": 13,
        "long": 13,
        "composite": 13
      }
    },
    {
      "id": "solar_clean_energy",
      "name": "光伏/清洁能源",
      "us_etfs": [
        "TAN",
        "ICLN"
      ],
      "primary_us": "TAN",
      "tags": [
        "光伏",
        "清洁能源"
      ],
      "note": "",
      "returns": {
        "r_1d": -0.011810881734274853,
        "r_5d": 0.02284940729790876,
        "r_20d": 0.08810721711530167,
        "r_60d": 0.01977247657673702,
        "r_120d": 0.1669780036805958,
        "r_ytd": 0.1468148698215478
      },
      "strength": {
        "short": 63,
        "mid": 67,
        "long": 66,
        "composite": 66
      },
      "rank": {
        "short": 8,
        "mid": 8,
        "long": 8,
        "composite": 8
      }
    },
    {
      "id": "biotech",
      "name": "生物科技/创新药",