{
  "schema_version": "1.0",
  "generated_at": "2026-04-21T16:00:00+08:00",
  "themes": [
    {
      "id": "storage_dram",
      "name": "存储芯片",
      "us_etfs": [
        "DRAM",
        "SOXX",
        "SMH"
      ],
      "primary_us": "DRAM",
      "tags": [
        "DRAM",
        "NAND",
        "半导体"
      ],
      "note": "A股无纯存储基金, 用半导体宽主题替代",
      "returns": {
        "r_1d": -0.003999987894660363,
        "r_5d": -0.018156509825258182,
        "r_20d": null,
        "r_60d": null,
        "r_120d": null,
        "r_ytd": 0.22974992367189548
      },
      "strength": {
        "short": 18,
        "mid": 0,
        "long": 85,
        "composite": 38
      },
      "rank": {
        "short": 12,
        "mid": 12,
        "long": 12,
        "composite": 12
      }
    },
    {
      "id": "semiconductor",
      "name": "半导体",
      "us_etfs": [
        "SOXX",
        "SMH",
        "XSD"
      ],
      "primary_us": "SOXX",
      "tags": [
        "半导体",
        "芯片"
      ],
      "note": "",
      "returns": {
        "r_1d": 0.0075157506066252855,
        "r_5d": 0.04736026567632567,
        "r_20d": 0.22305447015186844,
        "r_60d": 0.19983240890132056,
        "r_120d": 0.3267092192679267,
        "r_ytd": 0.29413071464867224
      },
      "strength": {
        "short": 93,
        "mid": 99,
        "long": 91,
        "composite": 95
      },
      "rank": {
        "short": 1,
        "mid": 1,
        "long": 1,
        "composite": 1
      }
    },
    {
      "id": "cybersecurity",
      "name": "网络安全",
      "us_etfs": [
        "CIBR",
        "BUG"
      ],
      "primary_us": "CIBR",
      "tags": [
        "网络安全",
        "计算机"
      ],
      "note": "A股无纯网络安全 ETF, 映射纯度低",
      "returns": {
        "r_1d": 0.014657125741038786,
        "r_5d": 0.08029994127658248,
        "r_20d": 0.04744588276307353,
        "r_60d": -0.03816703665324333,
        "r_120d": -0.12917328679157492,
        "r_ytd": -0.036329534917503785
      },
      "strength": {
        "short": 99,
        "mid": 46,
        "long": 25,
        "composite": 48
      },
      "rank": {
        "short": 8,
        "mid": 8,
        "long": 8,
        "composite": 8
      }
    },
    {
      "id": "ai_compute",
      "name": "AI算力",
      "us_etfs": [
        "THNQ",
        "AIQ",
        "QQQ"
      ],
      "primary_us": "THNQ",
      "tags": [
        "AI",
        "人工智能",
        "算力"
      ],
      "note": "",
      "returns": {
        "r_1d": 0.005366546984254299,
        "r_5d": 0.0658934524091438,
        "r_20d": 0.13392092218211668,
        "r_60d": 0.062499678588383324,
        "r_120d": 0.022950936373415463,
        "r_ytd": 0.0844650853959451
      },
      "strength": {
        "short": 96,
        "mid": 86,
        "long": 51,
        "composite": 74
      },
      "rank": {
        "short": 5,
        "mid": 5,
        "long": 5,
        "composite": 5
      }
    },
    {
      "id": "energy_oil",
      "name": "原油/能源",
      "us_etfs": [
        "XLE",
        "USO"
      ],
      "primary_us": "XLE",
      "tags": [
        "原油",
        "能源"
      ],
      "note": "",
      "returns": {
        "r_1d": 0.014422446620397674,
        "r_5d": -0.0014309040408379138,
        "r_20d": -0.06513127669420452,
        "r_60d": 0.13384964846153627,
        "r_120d": 0.25066183437109846,
        "r_ytd": 0.20853640023014083
      },
      "strength": {
        "short": 83,
        "mid": 68,
        "long": 81,
        "composite": 76
      },
      "rank": {
        "short": 4,
        "mid": 4,
        "long": 4,
        "composite": 4
      }
    },
    {
      "id": "new_energy_vehicle",
      "name": "新能源车/锂电",
      "us_etfs": [
        "DRIV",
        "LIT",
        "HAIL"
      ],
      "primary_us": "DRIV",
      "tags": [
        "新能源车",
        "锂电池"
      ],
      "note": "",
      "returns": {
        "r_1d": -0.007433302262958134,
        "r_5d": 0.03315726948577629,
        "r_20d": 0.1572926144579789,
        "r_60d": 0.06419193362571968,
        "r_120d": 0.16044899948035424,
        "r_ytd": 0.1498453912443916
      },
      "strength": {
        "short": 89,
        "mid": 95,
        "long": 70,
        "composite": 84
      },
      "rank": {
        "short": 2,
        "mid": 2,
        "long": 2,
        "composite": 2
      }
    },
    {
      "id": "robotics",
      "name": "机器人",
      "us_etfs": [
        "BOTZ",
        "ROBO",
        "ARKQ"
      ],
      "primary_us": "BOTZ",
      "tags": [
        "机器人",
        "智能制造"
      ],
      "note": "",
      "returns": {
        "r_1d": -0.020474807504389434,
        "r_5d": 0.004091142270652828,
        "r_20d": 0.0704715251777931,
        "r_60d": -0.027649023372158618,
        "r_120d": -0.03413705431941949,
        "r_ytd": 0.0008169529026867029
      },
      "strength": {
        "short": 23,
        "mid": 56,
        "long": 38,
        "composite": 42
      },
      "rank": {
        "short": 10,
        "mid": 10,
        "long": 10,
        "composite": 10
      }
    },
    {
      "id": "gold_metals",
      "name": "黄金/有色",
      "us_etfs": [
        "GLD",
        "SLV",
        "PICK"
      ],
      "primary_us": "GLD",
      "tags": [
        "黄金",
        "贵金属",
        "有色"
      ],
      "note": "",
      "returns": {
        "r_1d": -0.02872874757171026,
        "r_5d": -0.03549177527610883,
        "r_20d": 0.061270821294455394,
        "r_60d": -0.06408445871004356,
        "r_120d": 0.1573956031557797,
        "r_ytd": 0.07562945294919485
      },
      "strength": {
        "short": 7,
        "mid": 40,
        "long": 63,
        "composite": 43
      },
      "rank": {
        "short": 9,
        "mid": 9,
        "long": 9,
        "composite": 9
      }
    },
    {
      "id": "china_internet",
      "name": "中概互联网/港股",
      "us_etfs": [
        "KWEB",
        "CQQQ"
      ],
      "primary_us": "KWEB",
      "tags": [
        "中概",
        "港股",
        "互联网"
      ],
      "note": "",
      "returns": {
        "r_1d": -0.029482907886940725,
        "r_5d": 0.0013609735925644898,
        "r_20d": 0.033538123664166836,
        "r_60d": -0.19940259062021887,
        "r_120d": -0.28159825427517876,
        "r_ytd": -0.1918532622181148
      },
      "strength": {
        "short": 11,
        "mid": 7,
        "long": 12,
        "composite": 10
      },
      "rank": {
        "short": 14,
        "mid": 14,
        "long": 14,
        "composite": 14
      }
    },
    {
      "id": "financial",
      "name": "金融/券商银行",
      "us_etfs": [
        "XLF",
        "KBE",
        "KRE"
      ],
      "primary_us": "XLF",
      "tags": [
        "金融",
        "银行",
        "券商"
      ],
      "note": "",
      "returns": {
        "r_1d": -0.006289963177361053,
        "r_5d": 0.009992405734532911,
        "r_20d": 0.05968097063633217,
        "r_60d": -0.009488232141675376,
        "r_120d": -0.010886519372261086,
        "r_ytd": -0.04393606355809993
      },
      "strength": {
        "short": 66,
        "mid": 61,
        "long": 33,
        "composite": 51
      },
      "rank": {
        "short": 7,
        "mid": 7,
        "long": 7,
        "composite": 7
      }
    },
    {
      "id": "solar_clean_energy",
      "name": "光伏/清洁能源",
      "us_etfs": [
        "TAN",
        "ICLN"
      ],
      "primary_us": "TAN",
      "tags": [
        "光伏",
        "清洁能源"
      ],
      "note": "",
      "returns": {
        "r_1d": -0.015785484914484012,
        "r_5d": -0.010008258187909227,
        "r_20d": -0.005653363605979263,
        "r_60d": -0.010008258187909227,
        "r_120d": 0.11151614600537436,
        "r_ytd": 0.05797637452065141
      },
      "strength": {
        "short": 15,
        "mid": 33,
        "long": 57,
        "composite": 39
      },
      "rank": {
        "short": 11,
        "mid": 11,
        "long": 11,
        "composite": 11
      }
    },
    {
      "id": "biotech",