{
  "schema_version": "1.0",
  "generated_at": "2026-04-07T16:00:00+08:00",
  "themes": [
    {
      "id": "storage_dram",
      "name": "存储芯片",
      "us_etfs": [
        "DRAM",
        "SOXX",
        "SMH"
      ],
      "primary_us": "DRAM",
      "tags": [
        "DRAM",
        "NAND",
        "半导体"
      ],
      "note": "A股无纯存储基金, 用半导体宽主题替代",
      "returns": {
        "r_1d": 0.009556410093542928,
        "r_5d": null,
        "r_20d": null,
        "r_60d": null,
        "r_120d": null,
        "r_ytd": 0.05875816811759283
      },
      "strength": {
        "short": 63,
        "mid": 0,
        "long": 59,
        "composite": 36
      },
      "rank": {
        "short": 11,
        "mid": 11,
        "long": 11,
        "composite": 11
      }
    },
    {
      "id": "semiconductor",
      "name": "半导体",
      "us_etfs": [
        "SOXX",
        "SMH",
        "XSD"
      ],
      "primary_us": "SOXX",
      "tags": [
        "半导体",
        "芯片"
      ],
      "note": "",
      "returns": {
        "r_1d": 0.010580277750246708,
        "r_5d": 0.11561789710798655,
        "r_20d": 0.033916686069973424,
        "r_60d": 0.08512088966769314,
        "r_120d": 0.20155975578190855,
        "r_ytd": 0.10372327377352539
      },
      "strength": {
        "short": 99,
        "mid": 90,
        "long": 84,
        "composite": 89
      },
      "rank": {
        "short": 1,
        "mid": 1,
        "long": 1,
        "composite": 1
      }
    },
    {
      "id": "cybersecurity",
      "name": "网络安全",
      "us_etfs": [
        "CIBR",
        "BUG"
      ],
      "primary_us": "CIBR",
      "tags": [
        "网络安全",
        "计算机"
      ],
      "note": "A股无纯网络安全 ETF, 映射纯度低",
      "returns": {
        "r_1d": 0.016846025566780814,
        "r_5d": 0.07080072938167924,
        "r_20d": -0.013924782698621995,
        "r_60d": -0.10196657494816645,
        "r_120d": -0.16044311875161435,
        "r_ytd": -0.07819926969808426
      },
      "strength": {
        "short": 96,
        "mid": 18,
        "long": 22,
        "composite": 35
      },
      "rank": {
        "short": 12,
        "mid": 12,
        "long": 12,
        "composite": 12
      }
    },
    {
      "id": "ai_compute",
      "name": "AI算力",
      "us_etfs": [
        "THNQ",
        "AIQ",
        "QQQ"
      ],
      "primary_us": "THNQ",
      "tags": [
        "AI",
        "人工智能",
        "算力"
      ],
      "note": "",
      "returns": {
        "r_1d": 0.001580064478588707,
        "r_5d": 0.07396730529769731,
        "r_20d": -0.0234879869678083,
        "r_60d": -0.07798239307164168,
        "r_120d": -0.09905598731596782,
        "r_ytd": -0.06778447327020751
      },
      "strength": {
        "short": 89,
        "mid": 28,
        "long": 32,
        "composite": 42
      },
      "rank": {
        "short": 9,
        "mid": 9,
        "long": 9,
        "composite": 9
      }
    },
    {
      "id": "energy_oil",
      "name": "原油/能源",
      "us_etfs": [
        "XLE",
        "USO"
      ],
      "primary_us": "XLE",
      "tags": [
        "原油",
        "能源"
      ],
      "note": "",
      "returns": {
        "r_1d": 0.008010716096175936,
        "r_5d": -0.029481323667348205,
        "r_20d": 0.07247041519544793,
        "r_60d": 0.26299314533443996,
        "r_120d": 0.3463993849603178,
        "r_ytd": 0.28251653298216706
      },
      "strength": {
        "short": 4,
        "mid": 99,
        "long": 95,
        "composite": 78
      },
      "rank": {
        "short": 3,
        "mid": 3,
        "long": 3,
        "composite": 3
      }
    },
    {
      "id": "new_energy_vehicle",
      "name": "新能源车/锂电",
      "us_etfs": [
        "DRIV",
        "LIT",
        "HAIL"
      ],
      "primary_us": "DRIV",
      "tags": [
        "新能源车",
        "锂电池"
      ],
      "note": "",
      "returns": {
        "r_1d": -0.001417256418692211,
        "r_5d": 0.06347539056030875,
        "r_20d": 0.010140583347385474,
        "r_60d": -0.011441832572584295,
        "r_120d": 0.07286127999152621,
        "r_ytd": 0.01831457057778235
      },
      "strength": {
        "short": 86,
        "mid": 56,
        "long": 54,
        "composite": 61
      },
      "rank": {
        "short": 6,
        "mid": 6,
        "long": 6,
        "composite": 6
      }
    },
    {
      "id": "robotics",
      "name": "机器人",
      "us_etfs": [
        "BOTZ",
        "ROBO",
        "ARKQ"
      ],
      "primary_us": "BOTZ",
      "tags": [
        "机器人",
        "智能制造"
      ],
      "note": "",
      "returns": {
        "r_1d": -0.005971972490768351,
        "r_5d": 0.04283308886945778,
        "r_20d": -0.07775938720658859,
        "r_60d": -0.12219908616750996,
        "r_120d": -0.09157317575046071,
        "r_ytd": -0.09479273689319778
      },
      "strength": {
        "short": 71,
        "mid": 10,
        "long": 28,
        "composite": 29
      },
      "rank": {
        "short": 13,
        "mid": 13,
        "long": 13,
        "composite": 13
      }
    },
    {
      "id": "gold_metals",
      "name": "黄金/有色",
      "us_etfs": [
        "GLD",
        "SLV",
        "PICK"
      ],
      "primary_us": "GLD",
      "tags": [
        "黄金",
        "贵金属",
        "有色"
      ],
      "note": "",
      "returns": {
        "r_1d": 0.009680581273932702,
        "r_5d": 0.04071974384590236,
        "r_20d": -0.09011556336991751,
        "r_60d": 0.04820097627558385,
        "r_120d": 0.13285341819680543,
        "r_ytd": 0.08083039857355517
      },
      "strength": {
        "short": 82,
        "mid": 44,
        "long": 70,
        "composite": 62
      },
      "rank": {
        "short": 5,
        "mid": 5,
        "long": 5,
        "composite": 5
      }
    },
    {
      "id": "china_internet",
      "name": "中概互联网/港股",
      "us_etfs": [
        "KWEB",
        "CQQQ"
      ],
      "primary_us": "KWEB",
      "tags": [
        "中概",
        "港股",
        "互联网"
      ],
      "note": "",
      "returns": {
        "r_1d": -0.0028469743548090332,
        "r_5d": 0.01002869359815451,
        "r_20d": -0.0846922741268478,
        "r_60d": -0.24694913681647482,
        "r_120d": -0.2918888192896416,
        "r_ytd": -0.23884295395410604
      },
      "strength": {
        "short": 52,
        "mid": 4,
        "long": 10,
        "composite": 16
      },
      "rank": {
        "short": 14,
        "mid": 14,
        "long": 14,
        "composite": 14
      }
    },
    {
      "id": "financial",
      "name": "金融/券商银行",
      "us_etfs": [
        "XLF",
        "KBE",
        "KRE"
      ],
      "primary_us": "XLF",
      "tags": [
        "金融",
        "银行",
        "券商"
      ],
      "note": "",
      "returns": {
        "r_1d": 0.0,
        "r_5d": 0.030947103857941066,
        "r_20d": -0.0038539887655183415,
        "r_60d": -0.10881706090820736,
        "r_120d": -0.04561983902669741,
        "r_ytd": -0.09131227781569153
      },
      "strength": {
        "short": 68,
        "mid": 23,
        "long": 37,
        "composite": 38
      },
      "rank": {
        "short": 10,
        "mid": 10,
        "long": 10,
        "composite": 10
      }
    },
    {
      "id": "solar_clean_energy",
      "name": "光伏/清洁能源",
      "us_etfs": [
        "TAN",
        "ICLN"
      ],
      "primary_us": "TAN",
      "tags": [
        "光伏",
        "清洁能源"
      ],
      "note": "",
      "returns": {
        "r_1d": -0.012821853996343072,
        "r_5d": 0.010906498252452134,
        "r_20d": -0.011713385857327261,
        "r_60d": 0.05912956643762496,
        "r_120d": 0.14354694511400637,
        "r_ytd": 0.03559912887410258
      },
      "strength": {
        "short": 27,
        "mid": 72,
        "long": 65,
        "composite": 60
      },
      "rank": {
        "short": 7,
        "mid": 7,
        "long": 7,
        "composite": 7
      }
    },
    {
      "id": "biotech",
      "name": "生物科技/创新药",