{
  "schema_version": "1.0",
  "generated_at": "2026-05-28T16:00:00+08:00",
  "themes": [
    {
      "id": "storage_dram",
      "name": "存储芯片",
      "us_etfs": [
        "DRAM",
        "SOXX",
        "SMH"
      ],
      "primary_us": "DRAM",
      "tags": [
        "DRAM",
        "NAND",
        "半导体"
      ],
      "note": "A股无纯存储基金, 用半导体宽主题替代",
      "returns": {
        "r_1d": 0.02984812276112424,
        "r_5d": 0.19450999414068992,
        "r_20d": 0.4926653893985395,
        "r_60d": null,
        "r_120d": null,
        "r_ytd": 0.8126897812492956
      },
      "strength": {
        "short": 99,
        "mid": 99,
        "long": 99,
        "composite": 99
      },
      "rank": {
        "short": 1,
        "mid": 1,
        "long": 1,
        "composite": 1
      }
    },
    {
      "id": "semiconductor",
      "name": "半导体",
      "us_etfs": [
        "SOXX",
        "SMH",
        "XSD"
      ],
      "primary_us": "SOXX",
      "tags": [
        "半导体",
        "芯片"
      ],
      "note": "",
      "returns": {
        "r_1d": 0.009687371540380421,
        "r_5d": 0.09028129860207003,
        "r_20d": 0.23548078622999002,
        "r_60d": 0.5318484067840146,
        "r_120d": 0.6122805288962145,
        "r_ytd": 0.5969167884293772
      },
      "strength": {
        "short": 86,
        "mid": 96,
        "long": 96,
        "composite": 94
      },
      "rank": {
        "short": 2,
        "mid": 2,
        "long": 2,
        "composite": 2
      }
    },
    {
      "id": "cybersecurity",
      "name": "网络安全",
      "us_etfs": [
        "CIBR",
        "BUG"
      ],
      "primary_us": "CIBR",
      "tags": [
        "网络安全",
        "计算机"
      ],
      "note": "A股无纯网络安全 ETF, 映射纯度低",
      "returns": {
        "r_1d": 0.019793059599847243,
        "r_5d": 0.024435673226305674,
        "r_20d": 0.2094058527796067,
        "r_60d": 0.27126153438678047,
        "r_120d": 0.12418361156731933,
        "r_ytd": 0.1705746880626639
      },
      "strength": {
        "short": 75,
        "mid": 86,
        "long": 62,
        "composite": 74
      },
      "rank": {
        "short": 6,
        "mid": 6,
        "long": 6,
        "composite": 6
      }
    },
    {
      "id": "ai_compute",
      "name": "AI算力",
      "us_etfs": [
        "THNQ",
        "AIQ",
        "QQQ"
      ],
      "primary_us": "THNQ",
      "tags": [
        "AI",
        "人工智能",
        "算力"
      ],
      "note": "",
      "returns": {
        "r_1d": 0.027591145326971187,
        "r_5d": 0.09841737738945448,
        "r_20d": 0.23543673510076835,
        "r_60d": 0.36861974141025944,
        "r_120d": 0.30713052465350105,
        "r_ytd": 0.31453527351245925
      },
      "strength": {
        "short": 93,
        "mid": 93,
        "long": 77,
        "composite": 87
      },
      "rank": {
        "short": 4,
        "mid": 4,
        "long": 4,
        "composite": 4
      }
    },
    {
      "id": "energy_oil",
      "name": "原油/能源",
      "us_etfs": [
        "XLE",
        "USO"
      ],
      "primary_us": "XLE",
      "tags": [
        "原油",
        "能源"
      ],
      "note": "",
      "returns": {
        "r_1d": -0.0007021400090155058,
        "r_5d": -0.048831944908555976,
        "r_20d": -0.03587206528338405,
        "r_60d": 0.01409162730577921,
        "r_120d": 0.23038251497672232,
        "r_ytd": 0.2276825591667958
      },
      "strength": {
        "short": 7,
        "mid": 31,
        "long": 70,
        "composite": 42
      },
      "rank": {
        "short": 11,
        "mid": 11,
        "long": 11,
        "composite": 11
      }
    },
    {
      "id": "new_energy_vehicle",
      "name": "新能源车/锂电",
      "us_etfs": [
        "DRIV",
        "LIT",
        "HAIL"
      ],
      "primary_us": "DRIV",
      "tags": [
        "新能源车",
        "锂电池"
      ],
      "note": "",
      "returns": {
        "r_1d": 0.016947747958399696,
        "r_5d": 0.08457902973732617,
        "r_20d": 0.145614417285642,
        "r_60d": 0.302472417937906,
        "r_120d": 0.34935657561206207,
        "r_ytd": 0.3229443295062029
      },
      "strength": {
        "short": 89,
        "mid": 82,
        "long": 85,
        "composite": 85
      },
      "rank": {
        "short": 5,
        "mid": 5,
        "long": 5,
        "composite": 5
      }
    },
    {
      "id": "robotics",
      "name": "机器人",
      "us_etfs": [
        "BOTZ",
        "ROBO",
        "ARKQ"
      ],
      "primary_us": "BOTZ",
      "tags": [
        "机器人",
        "智能制造"
      ],
      "note": "",
      "returns": {
        "r_1d": 0.005227120512934347,
        "r_5d": 0.025903593316503666,
        "r_20d": 0.07605769556794258,
        "r_60d": 0.08764344514670852,
        "r_120d": 0.13034930256166885,
        "r_ytd": 0.092805864975632
      },
      "strength": {
        "short": 68,
        "mid": 75,
        "long": 52,
        "composite": 64
      },
      "rank": {
        "short": 9,
        "mid": 9,
        "long": 9,
        "composite": 9
      }
    },
    {
      "id": "gold_metals",
      "name": "黄金/有色",
      "us_etfs": [
        "GLD",
        "SLV",
        "PICK"
      ],
      "primary_us": "GLD",
      "tags": [
        "黄金",
        "贵金属",
        "有色"
      ],
      "note": "",
      "returns": {
        "r_1d": 0.010423100202116821,
        "r_5d": -0.01115446952866558,
        "r_20d": -0.011178450472005398,
        "r_60d": -0.12587691728074432,
        "r_120d": 0.06477593044430531,
        "r_ytd": 0.03573523803678676
      },
      "strength": {
        "short": 37,
        "mid": 12,
        "long": 40,
        "composite": 28
      },
      "rank": {
        "short": 13,
        "mid": 13,
        "long": 13,
        "composite": 13
      }
    },
    {
      "id": "china_internet",
      "name": "中概互联网/港股",
      "us_etfs": [
        "KWEB",
        "CQQQ"
      ],
      "primary_us": "KWEB",
      "tags": [
        "中概",
        "港股",
        "互联网"
      ],
      "note": "",
      "returns": {
        "r_1d": -0.01415297600593671,
        "r_5d": -0.05331678776009338,
        "r_20d": -0.04939728841636423,
        "r_60d": -0.11167958074750936,
        "r_120d": -0.2723908145893342,
        "r_ytd": -0.290023700568633
      },
      "strength": {
        "short": 4,
        "mid": 7,
        "long": 10,
        "composite": 8
      },
      "rank": {
        "short": 14,
        "mid": 14,
        "long": 14,
        "composite": 14
      }
    },
    {
      "id": "financial",
      "name": "金融/券商银行",
      "us_etfs": [
        "XLF",
        "KBE",
        "KRE"
      ],
      "primary_us": "XLF",
      "tags": [
        "金融",
        "银行",
        "券商"
      ],
      "note": "",
      "returns": {
        "r_1d": -0.0029213715038676857,
        "r_5d": -0.007577989989900331,
        "r_20d": -0.012598242404888077,
        "r_60d": 0.006298156979003283,
        "r_120d": -0.03489386010871733,
        "r_ytd": -0.06382662531712566
      },
      "strength": {
        "short": 16,
        "mid": 38,
        "long": 28,
        "composite": 30
      },
      "rank": {
        "short": 12,
        "mid": 12,
        "long": 12,
        "composite": 12
      }
    },
    {
      "id": "solar_clean_energy",
      "name": "光伏/清洁能源",
      "us_etfs": [
        "TAN",
        "ICLN"
      ],
      "primary_us": "TAN",
      "tags": [
        "光伏",
        "清洁能源"
      ],
      "note": "",
      "returns": {
        "r_1d": 0.019938854094149392,
        "r_5d": 0.13382937903317968,
        "r_20d": 0.2482011919203842,
        "r_60d": 0.2780433143158007,
        "r_120d": 0.41749320684771435,
        "r_ytd": 0.3321717852057222
      },
      "strength": {
        "short": 96,
        "mid": 89,
        "long": 89,
        "composite": 90
      },
      "rank": {
        "short": 3,
        "mid": 3,
        "long": 3,
        "composite": 3
      }
    },
    {
      "id": "biotech",
      "name": "生物科技/创新药",