{
  "schema_version": "1.0",
  "generated_at": "2026-04-29T16:00:00+08:00",
  "themes": [
    {
      "id": "storage_dram",
      "name": "存储芯片",
      "us_etfs": [
        "DRAM",
        "SOXX",
        "SMH"
      ],
      "primary_us": "DRAM",
      "tags": [
        "DRAM",
        "NAND",
        "半导体"
      ],
      "note": "A股无纯存储基金, 用半导体宽主题替代",
      "returns": {
        "r_1d": 0.023823193757404378,
        "r_5d": 0.024627229538753855,
        "r_20d": null,
        "r_60d": null,
        "r_120d": null,
        "r_ytd": 0.3200243918507561
      },
      "strength": {
        "short": 93,
        "mid": 0,
        "long": 88,
        "composite": 54
      },
      "rank": {
        "short": 6,
        "mid": 6,
        "long": 6,
        "composite": 6
      }
    },
    {
      "id": "semiconductor",
      "name": "半导体",
      "us_etfs": [
        "SOXX",
        "SMH",
        "XSD"
      ],
      "primary_us": "SOXX",
      "tags": [
        "半导体",
        "芯片"
      ],
      "note": "",
      "returns": {
        "r_1d": 0.025386716946262523,
        "r_5d": 0.04133228170781404,
        "r_20d": 0.31420155756097146,
        "r_60d": 0.24425166254800793,
        "r_120d": 0.42006788976613213,
        "r_ytd": 0.36143600219938715
      },
      "strength": {
        "short": 99,
        "mid": 99,
        "long": 97,
        "composite": 98
      },
      "rank": {
        "short": 1,
        "mid": 1,
        "long": 1,
        "composite": 1
      }
    },
    {
      "id": "cybersecurity",
      "name": "网络安全",
      "us_etfs": [
        "CIBR",
        "BUG"
      ],
      "primary_us": "CIBR",
      "tags": [
        "网络安全",
        "计算机"
      ],
      "note": "A股无纯网络安全 ETF, 映射纯度低",
      "returns": {
        "r_1d": 0.010665205491259235,
        "r_5d": -0.01520720732853728,
        "r_20d": 0.07955172882733383,
        "r_60d": -0.02328933962524361,
        "r_120d": -0.10099168726856882,
        "r_ytd": -0.03883116471694279
      },
      "strength": {
        "short": 42,
        "mid": 62,
        "long": 26,
        "composite": 44
      },
      "rank": {
        "short": 10,
        "mid": 10,
        "long": 10,
        "composite": 10
      }
    },
    {
      "id": "ai_compute",
      "name": "AI算力",
      "us_etfs": [
        "THNQ",
        "AIQ",
        "QQQ"
      ],
      "primary_us": "THNQ",
      "tags": [
        "AI",
        "人工智能",
        "算力"
      ],
      "note": "",
      "returns": {
        "r_1d": -0.0032233611048744317,
        "r_5d": -0.021730857694782856,
        "r_20d": 0.1663160398446572,
        "r_60d": 0.07492961667847144,
        "r_120d": 0.05642631207589275,
        "r_ytd": 0.07909853841169089
      },
      "strength": {
        "short": 22,
        "mid": 87,
        "long": 52,
        "composite": 60
      },
      "rank": {
        "short": 5,
        "mid": 5,
        "long": 5,
        "composite": 5
      }
    },
    {
      "id": "energy_oil",
      "name": "原油/能源",
      "us_etfs": [
        "XLE",
        "USO"
      ],
      "primary_us": "XLE",
      "tags": [
        "原油",
        "能源"
      ],
      "note": "",
      "returns": {
        "r_1d": 0.022615315714629797,
        "r_5d": 0.04309740011522512,
        "r_20d": -0.03708130543233337,
        "r_60d": 0.17153574976135602,
        "r_120d": 0.3181039636099692,
        "r_ytd": 0.2635546244501798
      },
      "strength": {
        "short": 96,
        "mid": 79,
        "long": 84,
        "composite": 84
      },
      "rank": {
        "short": 4,
        "mid": 4,
        "long": 4,
        "composite": 4
      }
    },
    {
      "id": "new_energy_vehicle",
      "name": "新能源车/锂电",
      "us_etfs": [
        "DRIV",
        "LIT",
        "HAIL"
      ],
      "primary_us": "DRIV",
      "tags": [
        "新能源车",
        "锂电池"
      ],
      "note": "",
      "returns": {
        "r_1d": 0.019742649088243875,
        "r_5d": 0.016187493775133295,
        "r_20d": 0.17536200821580192,
        "r_60d": 0.12426537380620623,
        "r_120d": 0.21684336045365338,
        "r_ytd": 0.177329912220561
      },
      "strength": {
        "short": 89,
        "mid": 92,
        "long": 76,
        "composite": 85
      },
      "rank": {
        "short": 3,
        "mid": 3,
        "long": 3,
        "composite": 3
      }
    },
    {
      "id": "robotics",
      "name": "机器人",
      "us_etfs": [
        "BOTZ",
        "ROBO",
        "ARKQ"
      ],
      "primary_us": "BOTZ",
      "tags": [
        "机器人",
        "智能制造"
      ],
      "note": "",
      "returns": {
        "r_1d": -0.008801177200304816,
        "r_5d": -0.0010708729382559615,
        "r_20d": 0.11664520104580016,
        "r_60d": 0.012399158700690817,
        "r_120d": 0.00457654561996919,
        "r_ytd": 0.016748169407689518
      },
      "strength": {
        "short": 31,
        "mid": 75,
        "long": 44,
        "composite": 54
      },
      "rank": {
        "short": 7,
        "mid": 7,
        "long": 7,
        "composite": 7
      }
    },
    {
      "id": "gold_metals",
      "name": "黄金/有色",
      "us_etfs": [
        "GLD",
        "SLV",
        "PICK"
      ],
      "primary_us": "GLD",
      "tags": [
        "黄金",
        "贵金属",
        "有色"
      ],
      "note": "",
      "returns": {
        "r_1d": -0.010723068864617815,
        "r_5d": -0.0418746151584847,
        "r_20d": -0.030390458869011094,
        "r_60d": -0.023019467009885563,
        "r_120d": 0.14154114150100122,
        "r_ytd": 0.046913688508791934
      },
      "strength": {
        "short": 7,
        "mid": 27,
        "long": 58,
        "composite": 35
      },
      "rank": {
        "short": 12,
        "mid": 12,
        "long": 12,
        "composite": 12
      }
    },
    {
      "id": "china_internet",
      "name": "中概互联网/港股",
      "us_etfs": [
        "KWEB",
        "CQQQ"
      ],
      "primary_us": "KWEB",
      "tags": [
        "中概",
        "港股",
        "互联网"
      ],
      "note": "",
      "returns": {
        "r_1d": -0.0035638091879593384,
        "r_5d": -0.04263396601895613,
        "r_20d": -0.014883338953745438,
        "r_60d": -0.2247844580067325,
        "r_120d": -0.273141867797668,
        "r_ytd": -0.2406264121522688
      },
      "strength": {
        "short": 11,
        "mid": 5,
        "long": 11,
        "composite": 9
      },
      "rank": {
        "short": 14,
        "mid": 14,
        "long": 14,
        "composite": 14
      }
    },
    {
      "id": "financial",
      "name": "金融/券商银行",
      "us_etfs": [
        "XLF",
        "KBE",
        "KRE"
      ],
      "primary_us": "XLF",
      "tags": [
        "金融",
        "银行",
        "券商"
      ],
      "note": "",
      "returns": {
        "r_1d": 0.0013491318821668328,
        "r_5d": -0.005569992757995046,
        "r_20d": 0.050361106493120325,
        "r_60d": -0.034708185622899734,
        "r_120d": -0.0009679003034090237,
        "r_ytd": -0.05122838291223745
      },
      "strength": {
        "short": 47,
        "mid": 43,
        "long": 33,
        "composite": 40
      },
      "rank": {
        "short": 11,
        "mid": 11,
        "long": 11,
        "composite": 11
      }
    },
    {
      "id": "solar_clean_energy",
      "name": "光伏/清洁能源",
      "us_etfs": [
        "TAN",
        "ICLN"
      ],
      "primary_us": "TAN",
      "tags": [
        "光伏",
        "清洁能源"
      ],
      "note": "",
      "returns": {
        "r_1d": -0.02637747491759349,
        "r_5d": -0.016085187562310477,
        "r_20d": 0.0073325886026403275,
        "r_60d": 0.044265497345232996,
        "r_120d": 0.15775061666290396,
        "r_ytd": 0.08397059328533815
      },
      "strength": {
        "short": 14,
        "mid": 58,
        "long": 67,
        "composite": 53
      },
      "rank": {
        "short": 8,
        "mid": 8,
        "long": 8,
        "composite": 8
      }
    },
    {
      "id": "biotech",
      "name": "生物科技/创新药",