{
  "schema_version": "1.0",
  "generated_at": "2026-06-15T14:38:42.237513+08:00",
  "themes": [
    {
      "id": "storage_dram",
      "name": "存储芯片",
      "us_etfs": [
        "DRAM",
        "SOXX",
        "SMH"
      ],
      "primary_us": "DRAM",
      "tags": [
        "DRAM",
        "NAND",
        "半导体"
      ],
      "note": "A股无纯存储基金, 用半导体宽主题替代",
      "returns": {
        "r_1d": -0.001690626795120831,
        "r_5d": 0.1529464788087278,
        "r_20d": 0.18945354377085405,
        "r_60d": null,
        "r_120d": null,
        "r_ytd": 0.8509449931927789
      },
      "strength": {
        "short": 99,
        "mid": 93,
        "long": 99,
        "composite": 97
      },
      "rank": {
        "short": 1,
        "mid": 1,
        "long": 1,
        "composite": 1
      }
    },
    {
      "id": "semiconductor",
      "name": "半导体",
      "us_etfs": [
        "SOXX",
        "SMH",
        "XSD"
      ],
      "primary_us": "SOXX",
      "tags": [
        "半导体",
        "芯片"
      ],
      "note": "",
      "returns": {
        "r_1d": 0.015754492390108763,
        "r_5d": 0.09951688311797573,
        "r_20d": 0.11772637821073931,
        "r_60d": 0.5667565011561375,
        "r_120d": 0.7143851252164237,
        "r_ytd": 0.6428707086887627
      },
      "strength": {
        "short": 96,
        "mid": 99,
        "long": 96,
        "composite": 97
      },
      "rank": {
        "short": 2,
        "mid": 2,
        "long": 2,
        "composite": 2
      }
    },
    {
      "id": "cybersecurity",
      "name": "网络安全",
      "us_etfs": [
        "CIBR",
        "BUG"
      ],
      "primary_us": "CIBR",
      "tags": [
        "网络安全",
        "计算机"
      ],
      "note": "A股无纯网络安全 ETF, 映射纯度低",
      "returns": {
        "r_1d": -0.001639337453163805,
        "r_5d": -0.01592773458043994,
        "r_20d": 0.08521251314159317,
        "r_60d": 0.2744918158209073,
        "r_120d": 0.16660986213847664,
        "r_ytd": 0.19010079810611663
      },
      "strength": {
        "short": 12,
        "mid": 89,
        "long": 64,
        "composite": 64
      },
      "rank": {
        "short": 7,
        "mid": 7,
        "long": 7,
        "composite": 7
      }
    },
    {
      "id": "ai_compute",
      "name": "AI算力",
      "us_etfs": [
        "THNQ",
        "AIQ",
        "QQQ"
      ],
      "primary_us": "THNQ",
      "tags": [
        "AI",
        "人工智能",
        "算力"
      ],
      "note": "",
      "returns": {
        "r_1d": 0.006276273450119321,
        "r_5d": 0.022052489385147502,
        "r_20d": 0.0689397872309398,
        "r_60d": 0.33065511860354607,
        "r_120d": 0.3170334280034563,
        "r_ytd": 0.2911200472628445
      },
      "strength": {
        "short": 78,
        "mid": 96,
        "long": 88,
        "composite": 89
      },
      "rank": {
        "short": 3,
        "mid": 3,
        "long": 3,
        "composite": 3
      }
    },
    {
      "id": "energy_oil",
      "name": "原油/能源",
      "us_etfs": [
        "XLE",
        "USO"
      ],
      "primary_us": "XLE",
      "tags": [
        "原油",
        "能源"
      ],
      "note": "",
      "returns": {
        "r_1d": 0.007499822579074816,
        "r_5d": -0.002082953965855449,
        "r_20d": -0.008995052217742525,
        "r_60d": -0.008662861531453828,
        "r_120d": 0.2805149534938003,
        "r_ytd": 0.2381629777878577
      },
      "strength": {
        "short": 59,
        "mid": 36,
        "long": 79,
        "composite": 58
      },
      "rank": {
        "short": 10,
        "mid": 10,
        "long": 10,
        "composite": 10
      }
    },
    {
      "id": "new_energy_vehicle",
      "name": "新能源车/锂电",
      "us_etfs": [
        "DRIV",
        "LIT",
        "HAIL"
      ],
      "primary_us": "DRIV",
      "tags": [
        "新能源车",
        "锂电池"
      ],
      "note": "",
      "returns": {
        "r_1d": 0.02006918889861975,
        "r_5d": 0.029091090230093767,
        "r_20d": -0.022014498887607124,
        "r_60d": 0.2732659778858781,
        "r_120d": 0.3067085144075164,
        "r_ytd": 0.266447022163106
      },
      "strength": {
        "short": 89,
        "mid": 85,
        "long": 83,
        "composite": 85
      },
      "rank": {
        "short": 4,
        "mid": 4,
        "long": 4,
        "composite": 4
      }
    },
    {
      "id": "robotics",
      "name": "机器人",
      "us_etfs": [
        "BOTZ",
        "ROBO",
        "ARKQ"
      ],
      "primary_us": "BOTZ",
      "tags": [
        "机器人",
        "智能制造"
      ],
      "note": "",
      "returns": {
        "r_1d": -0.0037644409826800462,
        "r_5d": -0.022903814188040456,
        "r_20d": -0.10233871602800095,
        "r_60d": 0.06310278572099802,
        "r_120d": 0.05288319451882493,
        "r_ytd": 0.011106706574054418
      },
      "strength": {
        "short": 4,
        "mid": 28,
        "long": 42,
        "composite": 29
      },
      "rank": {
        "short": 12,
        "mid": 12,
        "long": 12,
        "composite": 12
      }
    },
    {
      "id": "gold_metals",
      "name": "黄金/有色",
      "us_etfs": [
        "GLD",
        "SLV",
        "PICK"
      ],
      "primary_us": "GLD",
      "tags": [
        "黄金",
        "贵金属",
        "有色"
      ],
      "note": "",
      "returns": {
        "r_1d": 0.0005693171392699535,
        "r_5d": -0.024784685970750616,
        "r_20d": -0.10004029794652795,
        "r_60d": -0.14025444212973262,
        "r_120d": -0.030647782237026796,
        "r_ytd": -0.029919894791447507
      },
      "strength": {
        "short": 7,
        "mid": 5,
        "long": 30,
        "composite": 15
      },
      "rank": {
        "short": 14,
        "mid": 14,
        "long": 14,
        "composite": 14
      }
    },
    {
      "id": "china_internet",
      "name": "中概互联网/港股",
      "us_etfs": [
        "KWEB",
        "CQQQ"
      ],
      "primary_us": "KWEB",
      "tags": [
        "中概",
        "港股",
        "互联网"
      ],
      "note": "",
      "returns": {
        "r_1d": -0.003015453642327093,
        "r_5d": 0.004161179167744276,
        "r_20d": -0.09740144075863177,
        "r_60d": -0.1059266413601913,
        "r_120d": -0.2528761044813647,
        "r_ytd": -0.2964207149520514
      },
      "strength": {
        "short": 46,
        "mid": 9,
        "long": 10,
        "composite": 17
      },
      "rank": {
        "short": 13,
        "mid": 13,
        "long": 13,
        "composite": 13
      }
    },
    {
      "id": "financial",
      "name": "金融/券商银行",
      "us_etfs": [
        "XLF",
        "KBE",
        "KRE"
      ],
      "primary_us": "XLF",
      "tags": [
        "金融",
        "银行",
        "券商"
      ],
      "note": "",
      "returns": {
        "r_1d": 0.013590266301042256,
        "r_5d": 0.01969016513140902,
        "r_20d": 0.03919070236334018,
        "r_60d": 0.09060579921279231,
        "r_120d": -0.013631707932102912,
        "r_ytd": -0.02424589842669106
      },
      "strength": {
        "short": 82,
        "mid": 76,
        "long": 34,
        "composite": 60
      },
      "rank": {
        "short": 8,
        "mid": 8,
        "long": 8,
        "composite": 8
      }
    },
    {
      "id": "solar_clean_energy",
      "name": "光伏/清洁能源",
      "us_etfs": [
        "TAN",
        "ICLN"
      ],
      "primary_us": "TAN",
      "tags": [
        "光伏",
        "清洁能源"
      ],
      "note": "",
      "returns": {
        "r_1d": 0.011649370610812613,
        "r_5d": -0.016053291831233222,
        "r_20d": -0.030006911972343113,
        "r_60d": 0.10795518592235527,
        "r_120d": 0.265558260414506,
        "r_ytd": 0.20008914124178082
      },
      "strength": {
        "short": 28,
        "mid": 64,
        "long": 70,
        "composite": 59
      },
      "rank": {
        "short": 9,
        "mid": 9,
        "long": 9,
        "composite": 9
      }
    },
    {
      "id": "biotech",