{
  "schema_version": "1.0",
  "generated_at": "2026-06-11T16:00:00+08:00",
  "themes": [
    {
      "id": "storage_dram",
      "name": "存储芯片",
      "us_etfs": [
        "DRAM",
        "SOXX",
        "SMH"
      ],
      "primary_us": "DRAM",
      "tags": [
        "DRAM",
        "NAND",
        "半导体"
      ],
      "note": "A股无纯存储基金, 用半导体宽主题替代",
      "returns": {
        "r_1d": 0.12671026387575687,
        "r_5d": -0.008867115169146716,
        "r_20d": 0.17729736966773754,
        "r_60d": null,
        "r_120d": null,
        "r_ytd": 0.8526356199878998
      },
      "strength": {
        "short": 99,
        "mid": 89,
        "long": 99,
        "composite": 95
      },
      "rank": {
        "short": 2,
        "mid": 2,
        "long": 2,
        "composite": 2
      }
    },
    {
      "id": "semiconductor",
      "name": "半导体",
      "us_etfs": [
        "SOXX",
        "SMH",
        "XSD"
      ],
      "primary_us": "SOXX",
      "tags": [
        "半导体",
        "芯片"
      ],
      "note": "",
      "returns": {
        "r_1d": 0.08054401952025117,
        "r_5d": -0.026547123613308975,
        "r_20d": 0.10526021466401973,
        "r_60d": 0.5452249436775563,
        "r_120d": 0.7222255514516598,
        "r_ytd": 0.6271162613227345
      },
      "strength": {
        "short": 93,
        "mid": 99,
        "long": 96,
        "composite": 97
      },
      "rank": {
        "short": 1,
        "mid": 1,
        "long": 1,
        "composite": 1
      }
    },
    {
      "id": "cybersecurity",
      "name": "网络安全",
      "us_etfs": [
        "CIBR",
        "BUG"
      ],
      "primary_us": "CIBR",
      "tags": [
        "网络安全",
        "计算机"
      ],
      "note": "A股无纯网络安全 ETF, 映射纯度低",
      "returns": {
        "r_1d": 0.02631732259961423,
        "r_5d": -0.059391872014199605,
        "r_20d": 0.11940776578268497,
        "r_60d": 0.2759771589172069,
        "r_120d": 0.1824457485878076,
        "r_ytd": 0.19174013555928046
      },
      "strength": {
        "short": 14,
        "mid": 96,
        "long": 64,
        "composite": 67
      },
      "rank": {
        "short": 5,
        "mid": 5,
        "long": 5,
        "composite": 5
      }
    },
    {
      "id": "ai_compute",
      "name": "AI算力",
      "us_etfs": [
        "THNQ",
        "AIQ",
        "QQQ"
      ],
      "primary_us": "THNQ",
      "tags": [
        "AI",
        "人工智能",
        "算力"
      ],
      "note": "",
      "returns": {
        "r_1d": 0.03761009389166565,
        "r_5d": -0.056541685372263714,
        "r_20d": 0.06640140803789275,
        "r_60d": 0.3263842887652522,
        "r_120d": 0.3297854369145472,
        "r_ytd": 0.2848437738127252
      },
      "strength": {
        "short": 26,
        "mid": 93,
        "long": 88,
        "composite": 78
      },
      "rank": {
        "short": 3,
        "mid": 3,
        "long": 3,
        "composite": 3
      }
    },
    {
      "id": "energy_oil",
      "name": "原油/能源",
      "us_etfs": [
        "XLE",
        "USO"
      ],
      "primary_us": "XLE",
      "tags": [
        "原油",
        "能源"
      ],
      "note": "",
      "returns": {
        "r_1d": -0.019589793113977585,
        "r_5d": -0.028136853692436,
        "r_20d": -0.008888984650756557,
        "r_60d": -0.01753088192834032,
        "r_120d": 0.25839340008772455,
        "r_ytd": 0.23066315520878292
      },
      "strength": {
        "short": 7,
        "mid": 38,
        "long": 78,
        "composite": 48
      },
      "rank": {
        "short": 11,
        "mid": 11,
        "long": 11,
        "composite": 11
      }
    },
    {
      "id": "new_energy_vehicle",
      "name": "新能源车/锂电",
      "us_etfs": [
        "DRIV",
        "LIT",
        "HAIL"
      ],
      "primary_us": "DRIV",
      "tags": [
        "新能源车",
        "锂电池"
      ],
      "note": "",
      "returns": {
        "r_1d": 0.04487183054876965,
        "r_5d": -0.07273230762134031,
        "r_20d": -0.044663689012078754,
        "r_60d": 0.2350177358365819,
        "r_120d": 0.2950418830503534,
        "r_ytd": 0.2463778332644863
      },
      "strength": {
        "short": 22,
        "mid": 83,
        "long": 83,
        "composite": 71
      },
      "rank": {
        "short": 4,
        "mid": 4,
        "long": 4,
        "composite": 4
      }
    },
    {
      "id": "robotics",
      "name": "机器人",
      "us_etfs": [
        "BOTZ",
        "ROBO",
        "ARKQ"
      ],
      "primary_us": "BOTZ",
      "tags": [
        "机器人",
        "智能制造"
      ],
      "note": "",
      "returns": {
        "r_1d": 0.02775679263593689,
        "r_5d": -0.07295718233558217,
        "r_20d": -0.11090076673820452,
        "r_60d": 0.051773601204581486,
        "r_120d": 0.06688090935622579,
        "r_ytd": 0.01487114755673436
      },
      "strength": {
        "short": 11,
        "mid": 28,
        "long": 43,
        "composite": 31
      },
      "rank": {
        "short": 12,
        "mid": 12,
        "long": 12,
        "composite": 12
      }
    },
    {
      "id": "gold_metals",
      "name": "黄金/有色",
      "us_etfs": [
        "GLD",
        "SLV",
        "PICK"
      ],
      "primary_us": "GLD",
      "tags": [
        "黄金",
        "贵金属",
        "有色"
      ],
      "note": "",
      "returns": {
        "r_1d": 0.030860698069962694,
        "r_5d": -0.0625838458785127,
        "r_20d": -0.10828126334355656,
        "r_60d": -0.17297218796658614,
        "r_120d": -0.033021930804938045,
        "r_ytd": -0.030489211930717495
      },
      "strength": {
        "short": 18,
        "mid": 4,
        "long": 33,
        "composite": 18
      },
      "rank": {
        "short": 13,
        "mid": 13,
        "long": 13,
        "composite": 13
      }
    },
    {
      "id": "china_internet",
      "name": "中概互联网/港股",
      "us_etfs": [
        "KWEB",
        "CQQQ"
      ],
      "primary_us": "KWEB",
      "tags": [
        "中概",
        "港股",
        "互联网"
      ],
      "note": "",
      "returns": {
        "r_1d": 0.004904713103658303,
        "r_5d": -0.020857347451067383,
        "r_20d": -0.14089041486498002,
        "r_60d": -0.13531754105317156,
        "r_120d": -0.24042135307695453,
        "r_ytd": -0.2934052613097242
      },
      "strength": {
        "short": 30,
        "mid": 8,
        "long": 10,
        "composite": 13
      },
      "rank": {
        "short": 14,
        "mid": 14,
        "long": 14,
        "composite": 14
      }
    },
    {
      "id": "financial",
      "name": "金融/券商银行",
      "us_etfs": [
        "XLF",
        "KBE",
        "KRE"
      ],
      "primary_us": "XLF",
      "tags": [
        "金融",
        "银行",
        "券商"
      ],
      "note": "",
      "returns": {
        "r_1d": 0.007439221629666021,
        "r_5d": 0.008205375971467749,
        "r_20d": 0.031466687328859363,
        "r_60d": 0.06503934186503417,
        "r_120d": -0.028870810720205156,
        "r_ytd": -0.03783616472773325
      },
      "strength": {
        "short": 80,
        "mid": 73,
        "long": 29,
        "composite": 57
      },
      "rank": {
        "short": 8,
        "mid": 8,
        "long": 8,
        "composite": 8
      }
    },
    {
      "id": "solar_clean_energy",
      "name": "光伏/清洁能源",
      "us_etfs": [
        "TAN",
        "ICLN"
      ],
      "primary_us": "TAN",
      "tags": [
        "光伏",
        "清洁能源"
      ],
      "note": "",
      "returns": {
        "r_1d": 0.05171577828382998,
        "r_5d": -0.12279990474018984,
        "r_20d": -0.023948525854631364,
        "r_60d": 0.07601121024300575,
        "r_120d": 0.2765087596074364,
        "r_ytd": 0.18843977063096817
      },
      "strength": {
        "short": 4,
        "mid": 60,
        "long": 70,
        "composite": 53
      },
      "rank": {
        "short": 10,
        "mid": 10,
        "long": 10,
        "composite": 10
      }
    },
    {
      "id": "biotech",
      "name": "生物科技/创新药",