{
  "schema_version": "1.0",
  "generated_at": "2026-05-11T16:00:00+08:00",
  "themes": [
    {
      "id": "storage_dram",
      "name": "存储芯片",
      "us_etfs": [
        "DRAM",
        "SOXX",
        "SMH"
      ],
      "primary_us": "DRAM",
      "tags": [
        "DRAM",
        "NAND",
        "半导体"
      ],
      "note": "A股无纯存储基金, 用半导体宽主题替代",
      "returns": {
        "r_1d": 0.04227553084139782,
        "r_5d": 0.2599887340361079,
        "r_20d": 0.49574986642668334,
        "r_60d": null,
        "r_120d": null,
        "r_ytd": 0.6851905632203761
      },
      "strength": {
        "short": 99,
        "mid": 99,
        "long": 99,
        "composite": 99
      },
      "rank": {
        "short": 1,
        "mid": 1,
        "long": 1,
        "composite": 1
      }
    },
    {
      "id": "semiconductor",
      "name": "半导体",
      "us_etfs": [
        "SOXX",
        "SMH",
        "XSD"
      ],
      "primary_us": "SOXX",
      "tags": [
        "半导体",
        "芯片"
      ],
      "note": "",
      "returns": {
        "r_1d": 0.02366550252500035,
        "r_5d": 0.14237628541317993,
        "r_20d": 0.30339672184688393,
        "r_60d": 0.4164772288417513,
        "r_120d": 0.61538665138352,
        "r_ytd": 0.5302817449514983
      },
      "strength": {
        "short": 96,
        "mid": 96,
        "long": 96,
        "composite": 96
      },
      "rank": {
        "short": 2,
        "mid": 2,
        "long": 2,
        "composite": 2
      }
    },
    {
      "id": "cybersecurity",
      "name": "网络安全",
      "us_etfs": [
        "CIBR",
        "BUG"
      ],
      "primary_us": "CIBR",
      "tags": [
        "网络安全",
        "计算机"
      ],
      "note": "A股无纯网络安全 ETF, 映射纯度低",
      "returns": {
        "r_1d": 0.0014593781741253067,
        "r_5d": 0.07828765720987897,
        "r_20d": 0.17705903885871715,
        "r_60d": 0.14901795293069378,
        "r_120d": 0.013676310820957337,
        "r_ytd": 0.06677976201046697
      },
      "strength": {
        "short": 79,
        "mid": 82,
        "long": 39,
        "composite": 64
      },
      "rank": {
        "short": 8,
        "mid": 8,
        "long": 8,
        "composite": 8
      }
    },
    {
      "id": "ai_compute",
      "name": "AI算力",
      "us_etfs": [
        "THNQ",
        "AIQ",
        "QQQ"
      ],
      "primary_us": "THNQ",
      "tags": [
        "AI",
        "人工智能",
        "算力"
      ],
      "note": "",
      "returns": {
        "r_1d": 0.016313518325793024,
        "r_5d": 0.07654288503435405,
        "r_20d": 0.23694570611184942,
        "r_60d": 0.24966205997398844,
        "r_120d": 0.23332250525449574,
        "r_ytd": 0.22130925127738268
      },
      "strength": {
        "short": 82,
        "mid": 93,
        "long": 74,
        "composite": 83
      },
      "rank": {
        "short": 5,
        "mid": 5,
        "long": 5,
        "composite": 5
      }
    },
    {
      "id": "energy_oil",
      "name": "原油/能源",
      "us_etfs": [
        "XLE",
        "USO"
      ],
      "primary_us": "XLE",
      "tags": [
        "原油",
        "能源"
      ],
      "note": "",
      "returns": {
        "r_1d": 0.02604909261710032,
        "r_5d": -0.03809659850312401,
        "r_20d": 0.0010500098835668594,
        "r_60d": 0.0639280890050946,
        "r_120d": 0.23217115307993533,
        "r_ytd": 0.23153810912458642
      },
      "strength": {
        "short": 7,
        "mid": 55,
        "long": 77,
        "composite": 54
      },
      "rank": {
        "short": 10,
        "mid": 10,
        "long": 10,
        "composite": 10
      }
    },
    {
      "id": "new_energy_vehicle",
      "name": "新能源车/锂电",
      "us_etfs": [
        "DRIV",
        "LIT",
        "HAIL"
      ],
      "primary_us": "DRIV",
      "tags": [
        "新能源车",
        "锂电池"
      ],
      "note": "",
      "returns": {
        "r_1d": 0.02333766817851445,
        "r_5d": 0.08404867179778602,
        "r_20d": 0.19230501605665123,
        "r_60d": 0.22991485845050139,
        "r_120d": 0.33471020154429065,
        "r_ytd": 0.291041522276565
      },
      "strength": {
        "short": 93,
        "mid": 89,
        "long": 84,
        "composite": 88
      },
      "rank": {
        "short": 3,
        "mid": 3,
        "long": 3,
        "composite": 3
      }
    },
    {
      "id": "robotics",
      "name": "机器人",
      "us_etfs": [
        "BOTZ",
        "ROBO",
        "ARKQ"
      ],
      "primary_us": "BOTZ",
      "tags": [
        "机器人",
        "智能制造"
      ],
      "note": "",
      "returns": {
        "r_1d": -0.003383265335341512,
        "r_5d": 0.07356811624267257,
        "r_20d": 0.13841934300798903,
        "r_60d": 0.08457168502870735,
        "r_120d": 0.16578861713324194,
        "r_ytd": 0.11805546208293277
      },
      "strength": {
        "short": 75,
        "mid": 74,
        "long": 61,
        "composite": 69
      },
      "rank": {
        "short": 7,
        "mid": 7,
        "long": 7,
        "composite": 7
      }
    },
    {
      "id": "gold_metals",
      "name": "黄金/有色",
      "us_etfs": [
        "GLD",
        "SLV",
        "PICK"
      ],
      "primary_us": "GLD",
      "tags": [
        "黄金",
        "贵金属",
        "有色"
      ],
      "note": "",
      "returns": {
        "r_1d": 0.0020266811021026647,
        "r_5d": 0.046961635308456644,
        "r_20d": -0.0016321459055078443,
        "r_60d": -0.03779064780634378,
        "r_120d": 0.14505836345887788,
        "r_ytd": 0.08738582302775785
      },
      "strength": {
        "short": 68,
        "mid": 28,
        "long": 53,
        "composite": 46
      },
      "rank": {
        "short": 11,
        "mid": 11,
        "long": 11,
        "composite": 11
      }
    },
    {
      "id": "china_internet",
      "name": "中概互联网/港股",
      "us_etfs": [
        "KWEB",
        "CQQQ"
      ],
      "primary_us": "KWEB",
      "tags": [
        "中概",
        "港股",
        "互联网"
      ],
      "note": "",
      "returns": {
        "r_1d": 0.0013527535353437677,
        "r_5d": 0.03437945989752925,
        "r_20d": 0.029842751297103242,
        "r_60d": -0.10268714720863131,
        "r_120d": -0.19730623559904076,
        "r_ytd": -0.1857515380268621
      },
      "strength": {
        "short": 64,
        "mid": 16,
        "long": 14,
        "composite": 25
      },
      "rank": {
        "short": 14,
        "mid": 14,
        "long": 14,
        "composite": 14
      }
    },
    {
      "id": "financial",
      "name": "金融/券商银行",
      "us_etfs": [
        "XLF",
        "KBE",
        "KRE"
      ],
      "primary_us": "XLF",
      "tags": [
        "金融",
        "银行",
        "券商"
      ],
      "note": "",
      "returns": {
        "r_1d": -0.0011716730910597693,
        "r_5d": -0.007785199258077048,
        "r_20d": -0.009334948019562857,
        "r_60d": -0.004788268677651293,
        "r_120d": -0.015895322044270823,
        "r_ytd": -0.06558358334678817
      },
      "strength": {
        "short": 14,
        "mid": 37,
        "long": 29,
        "composite": 29
      },
      "rank": {
        "short": 13,
        "mid": 13,
        "long": 13,
        "composite": 13
      }
    },
    {
      "id": "solar_clean_energy",
      "name": "光伏/清洁能源",
      "us_etfs": [
        "TAN",
        "ICLN"
      ],
      "primary_us": "TAN",
      "tags": [
        "光伏",
        "清洁能源"
      ],
      "note": "",
      "returns": {
        "r_1d": 0.017761897936636788,
        "r_5d": 0.07695466658850335,
        "r_20d": 0.13841467400111052,
        "r_60d": 0.10333593335324136,
        "r_120d": 0.24175341483862228,
        "r_ytd": 0.20040640739416213
      },
      "strength": {
        "short": 86,
        "mid": 77,
        "long": 70,
        "composite": 76
      },
      "rank": {
        "short": 6,
        "mid": 6,
        "long": 6,
        "composite": 6
      }
    },
    {
      "id": "biotech",
      "name": "生物科技/创新药",