{
  "schema_version": "1.0",
  "generated_at": "2026-04-16T16:00:00+08:00",
  "themes": [
    {
      "id": "storage_dram",
      "name": "存储芯片",
      "us_etfs": [
        "DRAM",
        "SOXX",
        "SMH"
      ],
      "primary_us": "DRAM",
      "tags": [
        "DRAM",
        "NAND",
        "半导体"
      ],
      "note": "A股无纯存储基金, 用半导体宽主题替代",
      "returns": {
        "r_1d": 0.016400876253986722,
        "r_5d": 0.07894931095988335,
        "r_20d": null,
        "r_60d": null,
        "r_120d": null,
        "r_ytd": 0.23289414831262717
      },
      "strength": {
        "short": 93,
        "mid": 0,
        "long": 81,
        "composite": 51
      },
      "rank": {
        "short": 8,
        "mid": 8,
        "long": 8,
        "composite": 8
      }
    },
    {
      "id": "semiconductor",
      "name": "半导体",
      "us_etfs": [
        "SOXX",
        "SMH",
        "XSD"
      ],
      "primary_us": "SOXX",
      "tags": [
        "半导体",
        "芯片"
      ],
      "note": "",
      "returns": {
        "r_1d": 0.010126267307765504,
        "r_5d": 0.06967053553938443,
        "r_20d": 0.18232643050482433,
        "r_60d": 0.18572494171776682,
        "r_120d": 0.35887818391154946,
        "r_ytd": 0.2584406942110939
      },
      "strength": {
        "short": 86,
        "mid": 99,
        "long": 91,
        "composite": 93
      },
      "rank": {
        "short": 2,
        "mid": 2,
        "long": 2,
        "composite": 2
      }
    },
    {
      "id": "cybersecurity",
      "name": "网络安全",
      "us_etfs": [
        "CIBR",
        "BUG"
      ],
      "primary_us": "CIBR",
      "tags": [
        "网络安全",
        "计算机"
      ],
      "note": "A股无纯网络安全 ETF, 映射纯度低",
      "returns": {
        "r_1d": 0.021466656596636175,
        "r_5d": 0.04403806670195702,
        "r_20d": 0.01640755963819778,
        "r_60d": -0.05803031258361693,
        "r_120d": -0.1438392519120764,
        "r_ytd": -0.067983458076593
      },
      "strength": {
        "short": 82,
        "mid": 29,
        "long": 23,
        "composite": 37
      },
      "rank": {
        "short": 12,
        "mid": 12,
        "long": 12,
        "composite": 12
      }
    },
    {
      "id": "ai_compute",
      "name": "AI算力",
      "us_etfs": [
        "THNQ",
        "AIQ",
        "QQQ"
      ],
      "primary_us": "THNQ",
      "tags": [
        "AI",
        "人工智能",
        "算力"
      ],
      "note": "",
      "returns": {
        "r_1d": 0.01516628886667047,
        "r_5d": 0.10866213294358568,
        "r_20d": 0.10038806869367455,
        "r_60d": 0.06443130878806258,
        "r_120d": 0.0577651337688358,
        "r_ytd": 0.06085299735297308
      },
      "strength": {
        "short": 96,
        "mid": 81,
        "long": 52,
        "composite": 72
      },
      "rank": {
        "short": 6,
        "mid": 6,
        "long": 6,
        "composite": 6
      }
    },
    {
      "id": "energy_oil",
      "name": "原油/能源",
      "us_etfs": [
        "XLE",
        "USO"
      ],
      "primary_us": "XLE",
      "tags": [
        "原油",
        "能源"
      ],
      "note": "",
      "returns": {
        "r_1d": 0.01459886188500587,
        "r_5d": -0.013168480623502617,
        "r_20d": -0.02566138520671534,
        "r_60d": 0.17933534594698716,
        "r_120d": 0.26874189478121013,
        "r_ytd": 0.22116445411259616
      },
      "strength": {
        "short": 39,
        "mid": 77,
        "long": 85,
        "composite": 73
      },
      "rank": {
        "short": 5,
        "mid": 5,
        "long": 5,
        "composite": 5
      }
    },
    {
      "id": "new_energy_vehicle",
      "name": "新能源车/锂电",
      "us_etfs": [
        "DRIV",
        "LIT",
        "HAIL"
      ],
      "primary_us": "DRIV",
      "tags": [
        "新能源车",
        "锂电池"
      ],
      "note": "",
      "returns": {
        "r_1d": 0.023135769888081303,
        "r_5d": 0.06954431316463956,
        "r_20d": 0.14518109481648125,
        "r_60d": 0.0887281549579469,
        "r_120d": 0.20366237020108557,
        "r_ytd": 0.1383621390937092
      },
      "strength": {
        "short": 89,
        "mid": 91,
        "long": 71,
        "composite": 83
      },
      "rank": {
        "short": 3,
        "mid": 3,
        "long": 3,
        "composite": 3
      }
    },
    {
      "id": "robotics",
      "name": "机器人",
      "us_etfs": [
        "BOTZ",
        "ROBO",
        "ARKQ"
      ],
      "primary_us": "BOTZ",
      "tags": [
        "机器人",
        "智能制造"
      ],
      "note": "",
      "returns": {
        "r_1d": -0.000544674799350061,
        "r_5d": 0.04998949403359016,
        "r_20d": 0.05199607914694372,
        "r_60d": -0.012452762478243291,
        "r_120d": 0.0010449893735833265,
        "r_ytd": 0.0
      },
      "strength": {
        "short": 75,
        "mid": 56,
        "long": 39,
        "composite": 53
      },
      "rank": {
        "short": 7,
        "mid": 7,
        "long": 7,
        "composite": 7
      }
    },
    {
      "id": "gold_metals",
      "name": "黄金/有色",
      "us_etfs": [
        "GLD",
        "SLV",
        "PICK"
      ],
      "primary_us": "GLD",
      "tags": [
        "黄金",
        "贵金属",
        "有色"
      ],
      "note": "",
      "returns": {
        "r_1d": -0.0008631178955779131,
        "r_5d": 0.004943079881876749,
        "r_20d": -0.010533321738059846,
        "r_60d": 0.006497100498570448,
        "r_120d": 0.15396888394170186,
        "r_ytd": 0.09980122560022524
      },
      "strength": {
        "short": 49,
        "mid": 40,
        "long": 64,
        "composite": 51
      },
      "rank": {
        "short": 9,
        "mid": 9,
        "long": 9,
        "composite": 9
      }
    },
    {
      "id": "china_internet",
      "name": "中概互联网/港股",
      "us_etfs": [
        "KWEB",
        "CQQQ"
      ],
      "primary_us": "KWEB",
      "tags": [
        "中概",
        "港股",
        "互联网"
      ],
      "note": "",
      "returns": {
        "r_1d": 0.01540040459251491,
        "r_5d": 0.044497048003973125,
        "r_20d": 0.021831248424384123,
        "r_60d": -0.14996540155419355,
        "r_120d": -0.21162289545638605,
        "r_ytd": -0.168662825167476
      },
      "strength": {
        "short": 79,
        "mid": 10,
        "long": 14,
        "composite": 25
      },
      "rank": {
        "short": 14,
        "mid": 14,
        "long": 14,
        "composite": 14
      }
    },
    {
      "id": "financial",
      "name": "金融/券商银行",
      "us_etfs": [
        "XLF",
        "KBE",
        "KRE"
      ],
      "primary_us": "XLF",
      "tags": [
        "金融",
        "银行",
        "券商"
      ],
      "note": "",
      "returns": {
        "r_1d": -0.0026871300957663317,
        "r_5d": 0.013545039596263108,
        "r_20d": 0.06573972943894592,
        "r_60d": -0.017110776762758333,
        "r_120d": 0.0009576886636163883,
        "r_ytd": -0.04911196820053737
      },
      "strength": {
        "short": 63,
        "mid": 61,
        "long": 34,
        "composite": 51
      },
      "rank": {
        "short": 10,
        "mid": 10,
        "long": 10,
        "composite": 10
      }
    },
    {
      "id": "solar_clean_energy",
      "name": "光伏/清洁能源",
      "us_etfs": [
        "TAN",
        "ICLN"
      ],
      "primary_us": "TAN",
      "tags": [
        "光伏",
        "清洁能源"
      ],
      "note": "",
      "returns": {
        "r_1d": -0.01511727188178878,
        "r_5d": -0.0042120662242515995,
        "r_20d": -0.03763836883743122,
        "r_60d": 0.05662958274224684,
        "r_120d": 0.1704633639928307,
        "r_ytd": 0.05449558648199444
      },
      "strength": {
        "short": 8,
        "mid": 48,
        "long": 59,
        "composite": 44
      },
      "rank": {
        "short": 11,
        "mid": 11,
        "long": 11,
        "composite": 11
      }
    },
    {
      "id": "biotech",
      "name": "生物科技/创新药",