{
  "schema_version": "1.0",
  "generated_at": "2026-05-29T16:00:00+08:00",
  "themes": [
    {
      "id": "storage_dram",
      "name": "存储芯片",
      "us_etfs": [
        "DRAM",
        "SOXX",
        "SMH"
      ],
      "primary_us": "DRAM",
      "tags": [
        "DRAM",
        "NAND",
        "半导体"
      ],
      "note": "A股无纯存储基金, 用半导体宽主题替代",
      "returns": {
        "r_1d": 0.010018388091716186,
        "r_5d": 0.15104370641841516,
        "r_20d": 0.47431668022473816,
        "r_60d": null,
        "r_120d": null,
        "r_ytd": 0.8227081693410119
      },
      "strength": {
        "short": 99,
        "mid": 99,
        "long": 99,
        "composite": 99
      },
      "rank": {
        "short": 1,
        "mid": 1,
        "long": 1,
        "composite": 1
      }
    },
    {
      "id": "semiconductor",
      "name": "半导体",
      "us_etfs": [
        "SOXX",
        "SMH",
        "XSD"
      ],
      "primary_us": "SOXX",
      "tags": [
        "半导体",
        "芯片"
      ],
      "note": "",
      "returns": {
        "r_1d": -0.0006850039017877185,
        "r_5d": 0.08117528186243086,
        "r_20d": 0.20966907503120713,
        "r_60d": 0.5111722196774018,
        "r_120d": 0.6216013639168618,
        "r_ytd": 0.5962317845275896
      },
      "strength": {
        "short": 86,
        "mid": 96,
        "long": 96,
        "composite": 94
      },
      "rank": {
        "short": 2,
        "mid": 2,
        "long": 2,
        "composite": 2
      }
    },
    {
      "id": "cybersecurity",
      "name": "网络安全",
      "us_etfs": [
        "CIBR",
        "BUG"
      ],
      "primary_us": "CIBR",
      "tags": [
        "网络安全",
        "计算机"
      ],
      "note": "A股无纯网络安全 ETF, 映射纯度低",
      "returns": {
        "r_1d": 0.06208571328594133,
        "r_5d": 0.08053885419191337,
        "r_20d": 0.2776991798404698,
        "r_60d": 0.32168030218923305,
        "r_120d": 0.17995836506483456,
        "r_ytd": 0.23266040134860522
      },
      "strength": {
        "short": 93,
        "mid": 93,
        "long": 65,
        "composite": 82
      },
      "rank": {
        "short": 5,
        "mid": 5,
        "long": 5,
        "composite": 5
      }
    },
    {
      "id": "ai_compute",
      "name": "AI算力",
      "us_etfs": [
        "THNQ",
        "AIQ",
        "QQQ"
      ],
      "primary_us": "THNQ",
      "tags": [
        "AI",
        "人工智能",
        "算力"
      ],
      "note": "",
      "returns": {
        "r_1d": 0.013291480542436533,
        "r_5d": 0.0808720092845182,
        "r_20d": 0.22289185225085206,
        "r_60d": 0.3700150571357814,
        "r_120d": 0.3176565139144016,
        "r_ytd": 0.3278267540548958
      },
      "strength": {
        "short": 89,
        "mid": 89,
        "long": 85,
        "composite": 87
      },
      "rank": {
        "short": 4,
        "mid": 4,
        "long": 4,
        "composite": 4
      }
    },
    {
      "id": "energy_oil",
      "name": "原油/能源",
      "us_etfs": [
        "XLE",
        "USO"
      ],
      "primary_us": "XLE",
      "tags": [
        "原油",
        "能源"
      ],
      "note": "",
      "returns": {
        "r_1d": -0.01165678754943432,
        "r_5d": -0.04922151215617377,
        "r_20d": -0.05797725838404882,
        "r_60d": 0.008290594370879067,
        "r_120d": 0.2144877420272379,
        "r_ytd": 0.21602577161736153
      },
      "strength": {
        "short": 4,
        "mid": 26,
        "long": 70,
        "composite": 39
      },
      "rank": {
        "short": 11,
        "mid": 11,
        "long": 11,
        "composite": 11
      }
    },
    {
      "id": "new_energy_vehicle",
      "name": "新能源车/锂电",
      "us_etfs": [
        "DRIV",
        "LIT",
        "HAIL"
      ],
      "primary_us": "DRIV",
      "tags": [
        "新能源车",
        "锂电池"
      ],
      "note": "",
      "returns": {
        "r_1d": -0.011354621977867616,
        "r_5d": 0.052209821968185716,
        "r_20d": 0.10414324872299272,
        "r_60d": 0.2815146735289203,
        "r_120d": 0.33248213976571334,
        "r_ytd": 0.31158970752833526
      },
      "strength": {
        "short": 79,
        "mid": 82,
        "long": 81,
        "composite": 81
      },
      "rank": {
        "short": 6,
        "mid": 6,
        "long": 6,
        "composite": 6
      }
    },
    {
      "id": "robotics",
      "name": "机器人",
      "us_etfs": [
        "BOTZ",
        "ROBO",
        "ARKQ"
      ],
      "primary_us": "BOTZ",
      "tags": [
        "机器人",
        "智能制造"
      ],
      "note": "",
      "returns": {
        "r_1d": -0.003232559147695112,
        "r_5d": 0.01253149183266462,
        "r_20d": 0.043263762603194686,
        "r_60d": 0.07819718144133124,
        "r_120d": 0.0892616112312575,
        "r_ytd": 0.0895733058279369
      },
      "strength": {
        "short": 58,
        "mid": 72,
        "long": 47,
        "composite": 59
      },
      "rank": {
        "short": 8,
        "mid": 8,
        "long": 8,
        "composite": 8
      }
    },
    {
      "id": "gold_metals",
      "name": "黄金/有色",
      "us_etfs": [
        "GLD",
        "SLV",
        "PICK"
      ],
      "primary_us": "GLD",
      "tags": [
        "黄金",
        "贵金属",
        "有色"
      ],
      "note": "",
      "returns": {
        "r_1d": 0.010483427987444453,
        "r_5d": 0.0003117212025951825,
        "r_20d": -0.015557316921114703,
        "r_60d": -0.12318120262107897,
        "r_120d": 0.07461337193147335,
        "r_ytd": 0.0462186660242311
      },
      "strength": {
        "short": 63,
        "mid": 12,
        "long": 41,
        "composite": 34
      },
      "rank": {
        "short": 13,
        "mid": 13,
        "long": 13,
        "composite": 13
      }
    },
    {
      "id": "china_internet",
      "name": "中概互联网/港股",
      "us_etfs": [
        "KWEB",
        "CQQQ"
      ],
      "primary_us": "KWEB",
      "tags": [
        "中概",
        "港股",
        "互联网"
      ],
      "note": "",
      "returns": {
        "r_1d": 0.0026222039982769004,
        "r_5d": -0.03311559553596991,
        "r_20d": -0.07354668044923968,
        "r_60d": -0.11507747210361642,
        "r_120d": -0.26922994180058013,
        "r_ytd": -0.28740149657035596
      },
      "strength": {
        "short": 7,
        "mid": 6,
        "long": 10,
        "composite": 8
      },
      "rank": {
        "short": 14,
        "mid": 14,
        "long": 14,
        "composite": 14
      }
    },
    {
      "id": "financial",
      "name": "金融/券商银行",
      "us_etfs": [
        "XLF",
        "KBE",
        "KRE"
      ],
      "primary_us": "XLF",
      "tags": [
        "金融",
        "银行",
        "券商"
      ],
      "note": "",
      "returns": {
        "r_1d": 0.006028241228414576,
        "r_5d": -0.0029038392138154645,
        "r_20d": -0.010606583316954847,
        "r_60d": 0.006679414500164156,
        "r_120d": -0.030917634458866288,
        "r_ytd": -0.05779838408871112
      },
      "strength": {
        "short": 44,
        "mid": 42,
        "long": 28,
        "composite": 37
      },
      "rank": {
        "short": 12,
        "mid": 12,
        "long": 12,
        "composite": 12
      }
    },
    {
      "id": "solar_clean_energy",
      "name": "光伏/清洁能源",
      "us_etfs": [
        "TAN",
        "ICLN"
      ],
      "primary_us": "TAN",
      "tags": [
        "光伏",
        "清洁能源"
      ],
      "note": "",
      "returns": {
        "r_1d": 0.027425275574968416,
        "r_5d": 0.13088759340744635,
        "r_20d": 0.23563159825705143,
        "r_60d": 0.2981519720923149,
        "r_120d": 0.4310846874275229,
        "r_ytd": 0.35959706078069054
      },
      "strength": {
        "short": 96,
        "mid": 86,
        "long": 90,
        "composite": 90
      },
      "rank": {
        "short": 3,
        "mid": 3,
        "long": 3,
        "composite": 3
      }
    },
    {
      "id": "biotech",
      "name": "生物科技/创新药",