{
  "schema_version": "1.0",
  "generated_at": "2026-05-19T16:00:00+08:00",
  "themes": [
    {
      "id": "storage_dram",
      "name": "存储芯片",
      "us_etfs": [
        "DRAM",
        "SOXX",
        "SMH"
      ],
      "primary_us": "DRAM",
      "tags": [
        "DRAM",
        "NAND",
        "半导体"
      ],
      "note": "A股无纯存储基金, 用半导体宽主题替代",
      "returns": {
        "r_1d": 0.00908272995956952,
        "r_5d": -0.030278335236564577,
        "r_20d": 0.35406633451252284,
        "r_60d": null,
        "r_120d": null,
        "r_ytd": 0.5838162581844185
      },
      "strength": {
        "short": 40,
        "mid": 99,
        "long": 99,
        "composite": 87
      },
      "rank": {
        "short": 1,
        "mid": 1,
        "long": 1,
        "composite": 1
      }
    },
    {
      "id": "semiconductor",
      "name": "半导体",
      "us_etfs": [
        "SOXX",
        "SMH",
        "XSD"
      ],
      "primary_us": "SOXX",
      "tags": [
        "半导体",
        "芯片"
      ],
      "note": "",
      "returns": {
        "r_1d": 0.001752916115299364,
        "r_5d": -0.03802060048464669,
        "r_20d": 0.16614668794419896,
        "r_60d": 0.3314512080071447,
        "r_120d": 0.5657604340080887,
        "r_ytd": 0.4602774025928713
      },
      "strength": {
        "short": 29,
        "mid": 96,
        "long": 95,
        "composite": 82
      },
      "rank": {
        "short": 3,
        "mid": 3,
        "long": 3,
        "composite": 3
      }
    },
    {
      "id": "cybersecurity",
      "name": "网络安全",
      "us_etfs": [
        "CIBR",
        "BUG"
      ],
      "primary_us": "CIBR",
      "tags": [
        "网络安全",
        "计算机"
      ],
      "note": "A股无纯网络安全 ETF, 映射纯度低",
      "returns": {
        "r_1d": -0.0064467945080686085,
        "r_5d": 0.07166174269014067,
        "r_20d": 0.16691841418013068,
        "r_60d": 0.2734612527093519,
        "r_120d": 0.10860426750308388,
        "r_ytd": 0.13058887926262688
      },
      "strength": {
        "short": 96,
        "mid": 93,
        "long": 60,
        "composite": 80
      },
      "rank": {
        "short": 4,
        "mid": 4,
        "long": 4,
        "composite": 4
      }
    },
    {
      "id": "ai_compute",
      "name": "AI算力",
      "us_etfs": [
        "THNQ",
        "AIQ",
        "QQQ"
      ],
      "primary_us": "THNQ",
      "tags": [
        "AI",
        "人工智能",
        "算力"
      ],
      "note": "",
      "returns": {
        "r_1d": -0.004365090260785429,
        "r_5d": -0.011119060707786444,
        "r_20d": 0.10368922274860462,
        "r_60d": 0.2334252554448182,
        "r_120d": 0.21845133804602773,
        "r_ytd": 0.18815430814454978
      },
      "strength": {
        "short": 45,
        "mid": 89,
        "long": 69,
        "composite": 72
      },
      "rank": {
        "short": 5,
        "mid": 5,
        "long": 5,
        "composite": 5
      }
    },
    {
      "id": "energy_oil",
      "name": "原油/能源",
      "us_etfs": [
        "XLE",
        "USO"
      ],
      "primary_us": "XLE",
      "tags": [
        "原油",
        "能源"
      ],
      "note": "",
      "returns": {
        "r_1d": 0.011651876610780165,
        "r_5d": 0.06261511904850368,
        "r_20d": 0.09258916808208016,
        "r_60d": 0.11207237863864863,
        "r_120d": 0.3332199452016304,
        "r_ytd": 0.3011255683122208
      },
      "strength": {
        "short": 99,
        "mid": 80,
        "long": 88,
        "composite": 87
      },
      "rank": {
        "short": 2,
        "mid": 2,
        "long": 2,
        "composite": 2
      }
    },
    {
      "id": "new_energy_vehicle",
      "name": "新能源车/锂电",
      "us_etfs": [
        "DRIV",
        "LIT",
        "HAIL"
      ],
      "primary_us": "DRIV",
      "tags": [
        "新能源车",
        "锂电池"
      ],
      "note": "",
      "returns": {
        "r_1d": -0.020654892680411797,
        "r_5d": -0.05138570991035871,
        "r_20d": 0.06747694838060407,
        "r_60d": 0.15249656769961056,
        "r_120d": 0.2960700714717875,
        "r_ytd": 0.2173223396249957
      },
      "strength": {
        "short": 7,
        "mid": 84,
        "long": 82,
        "composite": 68
      },
      "rank": {
        "short": 6,
        "mid": 6,
        "long": 6,
        "composite": 6
      }
    },
    {
      "id": "robotics",
      "name": "机器人",
      "us_etfs": [
        "BOTZ",
        "ROBO",
        "ARKQ"
      ],
      "primary_us": "BOTZ",
      "tags": [
        "机器人",
        "智能制造"
      ],
      "note": "",
      "returns": {
        "r_1d": -0.023883310691949183,
        "r_5d": -0.045982269746891645,
        "r_20d": 0.056871007001373944,
        "r_60d": 0.008003077534526611,
        "r_120d": 0.13662846641156587,
        "r_ytd": 0.05768795990406085
      },
      "strength": {
        "short": 11,
        "mid": 62,
        "long": 55,
        "composite": 49
      },
      "rank": {
        "short": 8,
        "mid": 8,
        "long": 8,
        "composite": 8
      }
    },
    {
      "id": "gold_metals",
      "name": "黄金/有色",
      "us_etfs": [
        "GLD",
        "SLV",
        "PICK"
      ],
      "primary_us": "GLD",
      "tags": [
        "黄金",
        "贵金属",
        "有色"
      ],
      "note": "",
      "returns": {
        "r_1d": -0.016700574279936407,
        "r_5d": -0.050767015081181636,
        "r_20d": -0.042975705287016844,
        "r_60d": -0.15664019866792794,
        "r_120d": 0.07911155795592822,
        "r_ytd": 0.03265374766217802
      },
      "strength": {
        "short": 18,
        "mid": 6,
        "long": 48,
        "composite": 25
      },
      "rank": {
        "short": 13,
        "mid": 13,
        "long": 13,
        "composite": 13
      }
    },
    {
      "id": "china_internet",
      "name": "中概互联网/港股",
      "us_etfs": [
        "KWEB",
        "CQQQ"
      ],
      "primary_us": "KWEB",
      "tags": [
        "中概",
        "港股",
        "互联网"
      ],
      "note": "",
      "returns": {
        "r_1d": 0.007809809667010393,
        "r_5d": -0.030300034401438206,
        "r_20d": -0.03917988206898107,
        "r_60d": -0.1322929402770423,
        "r_120d": -0.22357989361024955,
        "r_ytd": -0.23103314428709584
      },
      "strength": {
        "short": 33,
        "mid": 10,
        "long": 12,
        "composite": 15
      },
      "rank": {
        "short": 14,
        "mid": 14,
        "long": 14,
        "composite": 14
      }
    },
    {
      "id": "financial",
      "name": "金融/券商银行",
      "us_etfs": [
        "XLF",
        "KBE",
        "KRE"
      ],
      "primary_us": "XLF",
      "tags": [
        "金融",
        "银行",
        "券商"
      ],
      "note": "",
      "returns": {
        "r_1d": -0.01244674184927791,
        "r_5d": -0.009349568603499156,
        "r_20d": -0.02321188913411028,
        "r_60d": 0.012394232103394232,
        "r_120d": -0.006725465746906628,
        "r_ytd": -0.06714795269221023
      },
      "strength": {
        "short": 36,
        "mid": 44,
        "long": 29,
        "composite": 36
      },
      "rank": {
        "short": 10,
        "mid": 10,
        "long": 10,
        "composite": 10
      }
    },
    {
      "id": "solar_clean_energy",
      "name": "光伏/清洁能源",
      "us_etfs": [
        "TAN",
        "ICLN"
      ],
      "primary_us": "TAN",
      "tags": [
        "光伏",
        "清洁能源"
      ],
      "note": "",
      "returns": {
        "r_1d": -0.026543059564588977,
        "r_5d": -0.011091294419926907,
        "r_20d": 0.10888394250422648,
        "r_60d": 0.014538519055938628,
        "r_120d": 0.2717902523045462,
        "r_ytd": 0.1668603170248778
      },
      "strength": {
        "short": 25,
        "mid": 72,
        "long": 73,
        "composite": 63
      },
      "rank": {
        "short": 7,
        "mid": 7,
        "long": 7,
        "composite": 7
      }
    },
    {
      "id": "biotech",
      "name": "生物科技/创新药",