{
  "schema_version": "1.0",
  "generated_at": "2026-05-06T16:00:00+08:00",
  "themes": [
    {
      "id": "storage_dram",
      "name": "存储芯片",
      "us_etfs": [
        "DRAM",
        "SOXX",
        "SMH"
      ],
      "primary_us": "DRAM",
      "tags": [
        "DRAM",
        "NAND",
        "半导体"
      ],
      "note": "A股无纯存储基金, 用半导体宽主题替代",
      "returns": {
        "r_1d": 0.05034229956708472,
        "r_5d": 0.24164773865396139,
        "r_20d": 0.40495165067879113,
        "r_60d": null,
        "r_120d": null,
        "r_ytd": 0.5616721305047174
      },
      "strength": {
        "short": 99,
        "mid": 99,
        "long": 99,
        "composite": 99
      },
      "rank": {
        "short": 1,
        "mid": 1,
        "long": 1,
        "composite": 1
      }
    },
    {
      "id": "semiconductor",
      "name": "半导体",
      "us_etfs": [
        "SOXX",
        "SMH",
        "XSD"
      ],
      "primary_us": "SOXX",
      "tags": [
        "半导体",
        "芯片"
      ],
      "note": "",
      "returns": {
        "r_1d": 0.04879706428312864,
        "r_5d": 0.11902925399469591,
        "r_20d": 0.3136710994755233,
        "r_60d": 0.36305425123488544,
        "r_120d": 0.5428508192340682,
        "r_ytd": 0.48046525619408326
      },
      "strength": {
        "short": 96,
        "mid": 96,
        "long": 95,
        "composite": 96
      },
      "rank": {
        "short": 2,
        "mid": 2,
        "long": 2,
        "composite": 2
      }
    },
    {
      "id": "cybersecurity",
      "name": "网络安全",
      "us_etfs": [
        "CIBR",
        "BUG"
      ],
      "primary_us": "CIBR",
      "tags": [
        "网络安全",
        "计算机"
      ],
      "note": "A股无纯网络安全 ETF, 映射纯度低",
      "returns": {
        "r_1d": -0.00992640840773272,
        "r_5d": 0.033326691985701096,
        "r_20d": 0.06643087532237502,
        "r_60d": 0.0281630299928263,
        "r_120d": -0.08657811357631864,
        "r_ytd": -0.005504472731241561
      },
      "strength": {
        "short": 60,
        "mid": 62,
        "long": 28,
        "composite": 48
      },
      "rank": {
        "short": 10,
        "mid": 10,
        "long": 10,
        "composite": 10
      }
    },
    {
      "id": "ai_compute",
      "name": "AI算力",
      "us_etfs": [
        "THNQ",
        "AIQ",
        "QQQ"
      ],
      "primary_us": "THNQ",
      "tags": [
        "AI",
        "人工智能",
        "算力"
      ],
      "note": "",
      "returns": {
        "r_1d": 0.026470901944964376,
        "r_5d": 0.11380509029577082,
        "r_20d": 0.2299536763081115,
        "r_60d": 0.20487119448994678,
        "r_120d": 0.1610313410083754,
        "r_ytd": 0.1929036287074617
      },
      "strength": {
        "short": 93,
        "mid": 93,
        "long": 71,
        "composite": 84
      },
      "rank": {
        "short": 5,
        "mid": 5,
        "long": 5,
        "composite": 5
      }
    },
    {
      "id": "energy_oil",
      "name": "原油/能源",
      "us_etfs": [
        "XLE",
        "USO"
      ],
      "primary_us": "XLE",
      "tags": [
        "原油",
        "能源"
      ],
      "note": "",
      "returns": {
        "r_1d": -0.04208436813553669,
        "r_5d": -0.03499450073867906,
        "r_20d": -0.018253427166551716,
        "r_60d": 0.06726869581265238,
        "r_120d": 0.23453232092403026,
        "r_ytd": 0.22856012371150086
      },
      "strength": {
        "short": 4,
        "mid": 52,
        "long": 77,
        "composite": 52
      },
      "rank": {
        "short": 9,
        "mid": 9,
        "long": 9,
        "composite": 9
      }
    },
    {
      "id": "new_energy_vehicle",
      "name": "新能源车/锂电",
      "us_etfs": [
        "DRIV",
        "LIT",
        "HAIL"
      ],
      "primary_us": "DRIV",
      "tags": [
        "新能源车",
        "锂电池"
      ],
      "note": "",
      "returns": {
        "r_1d": 0.030330285147729192,
        "r_5d": 0.08250583589782387,
        "r_20d": 0.19445623549271526,
        "r_60d": 0.18429836704796362,
        "r_120d": 0.2755041916239237,
        "r_ytd": 0.2598357481183848
      },
      "strength": {
        "short": 86,
        "mid": 89,
        "long": 83,
        "composite": 86
      },
      "rank": {
        "short": 4,
        "mid": 4,
        "long": 4,
        "composite": 4
      }
    },
    {
      "id": "robotics",
      "name": "机器人",
      "us_etfs": [
        "BOTZ",
        "ROBO",
        "ARKQ"
      ],
      "primary_us": "BOTZ",
      "tags": [
        "机器人",
        "智能制造"
      ],
      "note": "",
      "returns": {
        "r_1d": 0.02874421607751185,
        "r_5d": 0.06607762989988923,
        "r_20d": 0.12710423352325625,
        "r_60d": 0.04461138770752001,
        "r_120d": 0.0986413861994548,
        "r_ytd": 0.08282579930757886
      },
      "strength": {
        "short": 79,
        "mid": 79,
        "long": 51,
        "composite": 68
      },
      "rank": {
        "short": 7,
        "mid": 7,
        "long": 7,
        "composite": 7
      }
    },
    {
      "id": "gold_metals",
      "name": "黄金/有色",
      "us_etfs": [
        "GLD",
        "SLV",
        "PICK"
      ],
      "primary_us": "GLD",
      "tags": [
        "黄金",
        "贵金属",
        "有色"
      ],
      "note": "",
      "returns": {
        "r_1d": 0.029888127796577613,
        "r_5d": 0.0319462975808946,
        "r_20d": -0.00824972584724776,
        "r_60d": -0.08037823427591106,
        "r_120d": 0.12618618247261876,
        "r_ytd": 0.07885998608968661
      },
      "strength": {
        "short": 64,
        "mid": 17,
        "long": 55,
        "composite": 42
      },
      "rank": {
        "short": 11,
        "mid": 11,
        "long": 11,
        "composite": 11
      }
    },
    {
      "id": "china_internet",
      "name": "中概互联网/港股",
      "us_etfs": [
        "KWEB",
        "CQQQ"
      ],
      "primary_us": "KWEB",
      "tags": [
        "中概",
        "港股",
        "互联网"
      ],
      "note": "",
      "returns": {
        "r_1d": 0.04220902836291399,
        "r_5d": 0.060603620212362874,
        "r_20d": 0.02242703036944099,
        "r_60d": -0.1431456422569611,
        "r_120d": -0.22627194715589705,
        "r_ytd": -0.18002279193990586
      },
      "strength": {
        "short": 82,
        "mid": 10,
        "long": 13,
        "composite": 26
      },
      "rank": {
        "short": 14,
        "mid": 14,
        "long": 14,
        "composite": 14
      }
    },
    {
      "id": "financial",
      "name": "金融/券商银行",
      "us_etfs": [
        "XLF",
        "KBE",
        "KRE"
      ],
      "primary_us": "XLF",
      "tags": [
        "金融",
        "银行",
        "券商"
      ],
      "note": "",
      "returns": {
        "r_1d": 0.004834196773197007,
        "r_5d": -0.0015419821415286242,
        "r_20d": 0.012422508040835311,
        "r_60d": -0.034583059170410616,
        "r_120d": -0.017468101745128126,
        "r_ytd": -0.052770365053766095
      },
      "strength": {
        "short": 40,
        "mid": 35,
        "long": 33,
        "composite": 35
      },
      "rank": {
        "short": 13,
        "mid": 13,
        "long": 13,
        "composite": 13
      }
    },
    {
      "id": "solar_clean_energy",
      "name": "光伏/清洁能源",
      "us_etfs": [
        "TAN",
        "ICLN"
      ],
      "primary_us": "TAN",
      "tags": [
        "光伏",
        "清洁能源"
      ],
      "note": "",
      "returns": {
        "r_1d": -0.0039610195899616564,
        "r_5d": 0.07465515827048445,
        "r_20d": 0.08612480727637914,
        "r_60d": 0.02936698937724157,
        "r_120d": 0.15379248922522232,
        "r_ytd": 0.15862575155582248
      },
      "strength": {
        "short": 68,
        "mid": 68,
        "long": 62,
        "composite": 66
      },
      "rank": {
        "short": 8,
        "mid": 8,
        "long": 8,
        "composite": 8
      }
    },
    {
      "id": "biotech",
      "name": "生物科技/创新药",