{
  "schema_version": "1.0",
  "generated_at": "2026-04-30T16:00:00+08:00",
  "themes": [
    {
      "id": "storage_dram",
      "name": "存储芯片",
      "us_etfs": [
        "DRAM",
        "SOXX",
        "SMH"
      ],
      "primary_us": "DRAM",
      "tags": [
        "DRAM",
        "NAND",
        "半导体"
      ],
      "note": "A股无纯存储基金, 用半导体宽主题替代",
      "returns": {
        "r_1d": 0.028367097265517508,
        "r_5d": 0.07851834690427573,
        "r_20d": null,
        "r_60d": null,
        "r_120d": null,
        "r_ytd": 0.3483914891162737
      },
      "strength": {
        "short": 96,
        "mid": 0,
        "long": 89,
        "composite": 55
      },
      "rank": {
        "short": 8,
        "mid": 8,
        "long": 8,
        "composite": 8
      }
    },
    {
      "id": "semiconductor",
      "name": "半导体",
      "us_etfs": [
        "SOXX",
        "SMH",
        "XSD"
      ],
      "primary_us": "SOXX",
      "tags": [
        "半导体",
        "芯片"
      ],
      "note": "",
      "returns": {
        "r_1d": 0.025126707296995104,
        "r_5d": 0.04530715849550072,
        "r_20d": 0.3097097179418098,
        "r_60d": 0.2895701185964833,
        "r_120d": 0.41458049525302165,
        "r_ytd": 0.38656270949638233
      },
      "strength": {
        "short": 86,
        "mid": 99,
        "long": 94,
        "composite": 94
      },
      "rank": {
        "short": 2,
        "mid": 2,
        "long": 2,
        "composite": 2
      }
    },
    {
      "id": "cybersecurity",
      "name": "网络安全",
      "us_etfs": [
        "CIBR",
        "BUG"
      ],
      "primary_us": "CIBR",
      "tags": [
        "网络安全",
        "计算机"
      ],
      "note": "A股无纯网络安全 ETF, 映射纯度低",
      "returns": {
        "r_1d": -0.006207613774921778,
        "r_5d": 0.01283217628137767,
        "r_20d": 0.06587366444975278,
        "r_60d": 0.0070890165014063046,
        "r_120d": -0.10918620990789,
        "r_ytd": -0.0450387784918646
      },
      "strength": {
        "short": 51,
        "mid": 61,
        "long": 26,
        "composite": 45
      },
      "rank": {
        "short": 10,
        "mid": 10,
        "long": 10,
        "composite": 10
      }
    },
    {
      "id": "ai_compute",
      "name": "AI算力",
      "us_etfs": [
        "THNQ",
        "AIQ",
        "QQQ"
      ],
      "primary_us": "THNQ",
      "tags": [
        "AI",
        "人工智能",
        "算力"
      ],
      "note": "",
      "returns": {
        "r_1d": 0.025836363392352853,
        "r_5d": 0.025434666540665465,
        "r_20d": 0.1826404218810876,
        "r_60d": 0.13041597425300056,
        "r_120d": 0.06722479291723733,
        "r_ytd": 0.10493490180404363
      },
      "strength": {
        "short": 79,
        "mid": 88,
        "long": 54,
        "composite": 73
      },
      "rank": {
        "short": 5,
        "mid": 5,
        "long": 5,
        "composite": 5
      }
    },
    {
      "id": "energy_oil",
      "name": "原油/能源",
      "us_etfs": [
        "XLE",
        "USO"
      ],
      "primary_us": "XLE",
      "tags": [
        "原油",
        "能源"
      ],
      "note": "",
      "returns": {
        "r_1d": 0.010448405551230541,
        "r_5d": 0.04579385308845787,
        "r_20d": 0.011465313411638006,
        "r_60d": 0.15012936239592933,
        "r_120d": 0.3259179886503468,
        "r_ytd": 0.27400303000141035
      },
      "strength": {
        "short": 82,
        "mid": 77,
        "long": 84,
        "composite": 81
      },
      "rank": {
        "short": 4,
        "mid": 4,
        "long": 4,
        "composite": 4
      }
    },
    {
      "id": "new_energy_vehicle",
      "name": "新能源车/锂电",
      "us_etfs": [
        "DRIV",
        "LIT",
        "HAIL"
      ],
      "primary_us": "DRIV",
      "tags": [
        "新能源车",
        "锂电池"
      ],
      "note": "",
      "returns": {
        "r_1d": 0.030116546584781682,
        "r_5d": 0.054328079734279215,
        "r_20d": 0.1927810250081462,
        "r_60d": 0.1475559173484482,
        "r_120d": 0.22730519353324188,
        "r_ytd": 0.20744645880534263
      },
      "strength": {
        "short": 93,
        "mid": 96,
        "long": 77,
        "composite": 88
      },
      "rank": {
        "short": 3,
        "mid": 3,
        "long": 3,
        "composite": 3
      }
    },
    {
      "id": "robotics",
      "name": "机器人",
      "us_etfs": [
        "BOTZ",
        "ROBO",
        "ARKQ"
      ],
      "primary_us": "BOTZ",
      "tags": [
        "机器人",
        "智能制造"
      ],
      "note": "",
      "returns": {
        "r_1d": 0.029561373817052757,
        "r_5d": 0.04767247754471699,
        "r_20d": 0.12594365639645058,
        "r_60d": 0.04168928814372884,
        "r_120d": 0.04274944203569657,
        "r_ytd": 0.04630954322474223
      },
      "strength": {
        "short": 89,
        "mid": 81,
        "long": 47,
        "composite": 69
      },
      "rank": {
        "short": 6,
        "mid": 6,
        "long": 6,
        "composite": 6
      }
    },
    {
      "id": "gold_metals",
      "name": "黄金/有色",
      "us_etfs": [
        "GLD",
        "SLV",
        "PICK"
      ],
      "primary_us": "GLD",
      "tags": [
        "黄金",
        "贵金属",
        "有色"
      ],
      "note": "",
      "returns": {
        "r_1d": 0.01486229443655377,
        "r_5d": -0.01726965764567158,
        "r_20d": -0.03287662833412673,
        "r_60d": -0.06980452404578026,
        "r_120d": 0.14490542267130713,
        "r_ytd": 0.0617759829453459
      },
      "strength": {
        "short": 26,
        "mid": 16,
        "long": 59,
        "composite": 35
      },
      "rank": {
        "short": 13,
        "mid": 13,
        "long": 13,
        "composite": 13
      }
    },
    {
      "id": "china_internet",
      "name": "中概互联网/港股",
      "us_etfs": [
        "KWEB",
        "CQQQ"
      ],
      "primary_us": "KWEB",
      "tags": [
        "中概",
        "港股",
        "互联网"
      ],
      "note": "",
      "returns": {
        "r_1d": 0.02677159603115237,
        "r_5d": 0.011888257077406969,
        "r_20d": 0.01647141578440211,
        "r_60d": -0.17930454411138433,
        "r_120d": -0.25402335572679663,
        "r_ytd": -0.2138548161211163
      },
      "strength": {
        "short": 75,
        "mid": 7,
        "long": 12,
        "composite": 23
      },
      "rank": {
        "short": 14,
        "mid": 14,
        "long": 14,
        "composite": 14
      }
    },
    {
      "id": "financial",
      "name": "金融/券商银行",
      "us_etfs": [
        "XLF",
        "KBE",
        "KRE"
      ],
      "primary_us": "XLF",
      "tags": [
        "金融",
        "银行",
        "券商"
      ],
      "note": "",
      "returns": {
        "r_1d": 0.004036582140481254,
        "r_5d": 0.006350484732591828,
        "r_20d": 0.052980833896955175,
        "r_60d": -0.021374377414805627,
        "r_120d": -0.0003593058215140178,
        "r_ytd": -0.047191800771756325
      },
      "strength": {
        "short": 59,
        "mid": 46,
        "long": 34,
        "composite": 44
      },
      "rank": {
        "short": 11,
        "mid": 11,
        "long": 11,
        "composite": 11
      }
    },
    {
      "id": "solar_clean_energy",
      "name": "光伏/清洁能源",
      "us_etfs": [
        "TAN",
        "ICLN"
      ],
      "primary_us": "TAN",
      "tags": [
        "光伏",
        "清洁能源"
      ],
      "note": "",
      "returns": {
        "r_1d": 0.03999486923830099,
        "r_5d": -0.0032475651042184533,
        "r_20d": 0.03732556385954309,
        "r_60d": 0.04948377372960065,
        "r_120d": 0.1301863166321078,
        "r_ytd": 0.12396546252363905
      },
      "strength": {
        "short": 71,
        "mid": 67,
        "long": 64,
        "composite": 67
      },
      "rank": {
        "short": 7,
        "mid": 7,
        "long": 7,
        "composite": 7
      }
    },
    {
      "id": "biotech",
      "name": "生物科技/创新药",