{
  "schema_version": "1.0",
  "generated_at": "2026-06-05T16:00:00+08:00",
  "themes": [
    {
      "id": "storage_dram",
      "name": "存储芯片",
      "us_etfs": [
        "DRAM",
        "SOXX",
        "SMH"
      ],
      "primary_us": "DRAM",
      "tags": [
        "DRAM",
        "NAND",
        "半导体"
      ],
      "note": "A股无纯存储基金, 用半导体宽主题替代",
      "returns": {
        "r_1d": -0.16350422077299534,
        "r_5d": -0.12470965495696067,
        "r_20d": 0.18106767093427856,
        "r_60d": null,
        "r_120d": null,
        "r_ytd": 0.6979985143840512
      },
      "strength": {
        "short": 4,
        "mid": 89,
        "long": 99,
        "composite": 76
      },
      "rank": {
        "short": 2,
        "mid": 2,
        "long": 2,
        "composite": 2
      }
    },
    {
      "id": "semiconductor",
      "name": "半导体",
      "us_etfs": [
        "SOXX",
        "SMH",
        "XSD"
      ],
      "primary_us": "SOXX",
      "tags": [
        "半导体",
        "芯片"
      ],
      "note": "",
      "returns": {
        "r_1d": -0.11030948250106276,
        "r_5d": -0.052877882092608915,
        "r_20d": 0.09193311176060888,
        "r_60d": 0.45668525774986624,
        "r_120d": 0.5421756672636102,
        "r_ytd": 0.5433539024349806
      },
      "strength": {
        "short": 14,
        "mid": 99,
        "long": 95,
        "composite": 80
      },
      "rank": {
        "short": 1,
        "mid": 1,
        "long": 1,
        "composite": 1
      }
    },
    {
      "id": "cybersecurity",
      "name": "网络安全",
      "us_etfs": [
        "CIBR",
        "BUG"
      ],
      "primary_us": "CIBR",
      "tags": [
        "网络安全",
        "计算机"
      ],
      "note": "A股无纯网络安全 ETF, 映射纯度低",
      "returns": {
        "r_1d": -0.045103474886923456,
        "r_5d": -0.026631868662048752,
        "r_20d": 0.1700784442111847,
        "r_60d": 0.2781794465568247,
        "r_120d": 0.13937005131685895,
        "r_ytd": 0.20602853268655646
      },
      "strength": {
        "short": 36,
        "mid": 96,
        "long": 67,
        "composite": 72
      },
      "rank": {
        "short": 5,
        "mid": 5,
        "long": 5,
        "composite": 5
      }
    },
    {
      "id": "ai_compute",
      "name": "AI算力",
      "us_etfs": [
        "THNQ",
        "AIQ",
        "QQQ"
      ],
      "primary_us": "THNQ",
      "tags": [
        "AI",
        "人工智能",
        "算力"
      ],
      "note": "",
      "returns": {
        "r_1d": -0.07231790130729178,
        "r_5d": -0.058759196177198644,
        "r_20d": 0.07169185749615746,
        "r_60d": 0.307214144974874,
        "r_120d": 0.24336965576800232,
        "r_ytd": 0.26906755787769715
      },
      "strength": {
        "short": 21,
        "mid": 93,
        "long": 86,
        "composite": 76
      },
      "rank": {
        "short": 3,
        "mid": 3,
        "long": 3,
        "composite": 3
      }
    },
    {
      "id": "energy_oil",
      "name": "原油/能源",
      "us_etfs": [
        "XLE",
        "USO"
      ],
      "primary_us": "XLE",
      "tags": [
        "原油",
        "能源"
      ],
      "note": "",
      "returns": {
        "r_1d": -0.018554077147505683,
        "r_5d": 0.02422016013635179,
        "r_20d": 0.030278627482734664,
        "r_60d": 0.018549193325102638,
        "r_120d": 0.24196628262912223,
        "r_ytd": 0.2402459317537132
      },
      "strength": {
        "short": 85,
        "mid": 59,
        "long": 81,
        "composite": 73
      },
      "rank": {
        "short": 4,
        "mid": 4,
        "long": 4,
        "composite": 4
      }
    },
    {
      "id": "new_energy_vehicle",
      "name": "新能源车/锂电",
      "us_etfs": [
        "DRIV",
        "LIT",
        "HAIL"
      ],
      "primary_us": "DRIV",
      "tags": [
        "新能源车",
        "锂电池"
      ],
      "note": "",
      "returns": {
        "r_1d": -0.08175420895281436,
        "r_5d": -0.0742337755953231,
        "r_20d": -0.007737960927858205,
        "r_60d": 0.21303172239505438,
        "r_120d": 0.23575106500740173,
        "r_ytd": 0.23735593193301224
      },
      "strength": {
        "short": 18,
        "mid": 80,
        "long": 74,
        "composite": 65
      },
      "rank": {
        "short": 7,
        "mid": 7,
        "long": 7,
        "composite": 7
      }
    },
    {
      "id": "robotics",
      "name": "机器人",
      "us_etfs": [
        "BOTZ",
        "ROBO",
        "ARKQ"
      ],
      "primary_us": "BOTZ",
      "tags": [
        "机器人",
        "智能制造"
      ],
      "note": "",
      "returns": {
        "r_1d": -0.05381780913022177,
        "r_5d": -0.055562785065842085,
        "r_20d": -0.047560749833915096,
        "r_60d": 0.04524197307819475,
        "r_120d": 0.032344084034476084,
        "r_ytd": 0.03401052076209487
      },
      "strength": {
        "short": 25,
        "mid": 46,
        "long": 42,
        "composite": 40
      },
      "rank": {
        "short": 10,
        "mid": 10,
        "long": 10,
        "composite": 10
      }
    },
    {
      "id": "gold_metals",
      "name": "黄金/有色",
      "us_etfs": [
        "GLD",
        "SLV",
        "PICK"
      ],
      "primary_us": "GLD",
      "tags": [
        "黄金",
        "贵金属",
        "有色"
      ],
      "note": "",
      "returns": {
        "r_1d": -0.037229842768492165,
        "r_5d": -0.051353874844928156,
        "r_20d": -0.08566449241836328,
        "r_60d": -0.18390184470520504,
        "r_120d": 0.007599975969279182,
        "r_ytd": -0.005135208820696885
      },
      "strength": {
        "short": 32,
        "mid": 8,
        "long": 36,
        "composite": 24
      },
      "rank": {
        "short": 13,
        "mid": 13,
        "long": 13,
        "composite": 13
      }
    },
    {
      "id": "china_internet",
      "name": "中概互联网/港股",
      "us_etfs": [
        "KWEB",
        "CQQQ"
      ],
      "primary_us": "KWEB",
      "tags": [
        "中概",
        "港股",
        "互联网"
      ],
      "note": "",
      "returns": {
        "r_1d": -0.028033980261138628,
        "r_5d": -0.013180397549439553,
        "r_20d": -0.11246189976324789,
        "r_60d": -0.14479263801745643,
        "r_120d": -0.2794425724685592,
        "r_ytd": -0.3005818941197956
      },
      "strength": {
        "short": 39,
        "mid": 12,
        "long": 9,
        "composite": 16
      },
      "rank": {
        "short": 14,
        "mid": 14,
        "long": 14,
        "composite": 14
      }
    },
    {
      "id": "financial",
      "name": "金融/券商银行",
      "us_etfs": [
        "XLF",
        "KBE",
        "KRE"
      ],
      "primary_us": "XLF",
      "tags": [
        "金融",
        "银行",
        "券商"
      ],
      "note": "",
      "returns": {
        "r_1d": 0.0021054771411010546,
        "r_5d": 0.01386232053061121,
        "r_20d": 0.014444160820145125,
        "r_60d": 0.05732663764852638,
        "r_120d": -0.03935422145223329,
        "r_ytd": -0.04393606355809993
      },
      "strength": {
        "short": 98,
        "mid": 66,
        "long": 29,
        "composite": 58
      },
      "rank": {
        "short": 8,
        "mid": 8,
        "long": 8,
        "composite": 8
      }
    },
    {
      "id": "solar_clean_energy",
      "name": "光伏/清洁能源",
      "us_etfs": [
        "TAN",
        "ICLN"
      ],
      "primary_us": "TAN",
      "tags": [
        "光伏",
        "清洁能源"
      ],
      "note": "",
      "returns": {
        "r_1d": -0.09509724229814397,
        "r_5d": -0.14345462770767642,
        "r_20d": 0.06932756325146648,
        "r_60d": 0.13914548262174342,
        "r_120d": 0.2629577405855165,
        "r_ytd": 0.2161424330730142
      },
      "strength": {
        "short": 7,
        "mid": 84,
        "long": 78,
        "composite": 66
      },
      "rank": {
        "short": 6,
        "mid": 6,
        "long": 6,
        "composite": 6
      }
    },
    {
      "id": "biotech",
      "name": "生物科技/创新药",