{
  "schema_version": "1.0",
  "generated_at": "2026-05-04T16:00:00+08:00",
  "themes": [
    {
      "id": "storage_dram",
      "name": "存储芯片",
      "us_etfs": [
        "DRAM",
        "SOXX",
        "SMH"
      ],
      "primary_us": "DRAM",
      "tags": [
        "DRAM",
        "NAND",
        "半导体"
      ],
      "note": "A股无纯存储基金, 用半导体宽主题替代",
      "returns": {
        "r_1d": 0.0497206977535059,
        "r_5d": 0.09632320876001621,
        "r_20d": 0.37600007116021833,
        "r_60d": null,
        "r_120d": null,
        "r_ytd": 0.4252018291842682
      },
      "strength": {
        "short": 99,
        "mid": 99,
        "long": 98,
        "composite": 99
      },
      "rank": {
        "short": 1,
        "mid": 1,
        "long": 1,
        "composite": 1
      }
    },
    {
      "id": "semiconductor",
      "name": "半导体",
      "us_etfs": [
        "SOXX",
        "SMH",
        "XSD"
      ],
      "primary_us": "SOXX",
      "tags": [
        "半导体",
        "芯片"
      ],
      "note": "",
      "returns": {
        "r_1d": -0.007954221818328703,
        "r_5d": 0.014496655594720768,
        "r_20d": 0.2947624635150394,
        "r_60d": 0.3347060745820923,
        "r_120d": 0.45290338013032627,
        "r_ytd": 0.3879054595383182
      },
      "strength": {
        "short": 68,
        "mid": 96,
        "long": 94,
        "composite": 90
      },
      "rank": {
        "short": 2,
        "mid": 2,
        "long": 2,
        "composite": 2
      }
    },
    {
      "id": "cybersecurity",
      "name": "网络安全",
      "us_etfs": [
        "CIBR",
        "BUG"
      ],
      "primary_us": "CIBR",
      "tags": [
        "网络安全",
        "计算机"
      ],
      "note": "A股无纯网络安全 ETF, 映射纯度低",
      "returns": {
        "r_1d": 0.01429520911890288,
        "r_5d": 0.03204931111750626,
        "r_20d": 0.08353740006545309,
        "r_60d": 0.07303714059015728,
        "r_120d": -0.07313785374601864,
        "r_ytd": -0.011507895199411955
      },
      "strength": {
        "short": 89,
        "mid": 75,
        "long": 28,
        "composite": 59
      },
      "rank": {
        "short": 8,
        "mid": 8,
        "long": 8,
        "composite": 8
      }
    },
    {
      "id": "ai_compute",
      "name": "AI算力",
      "us_etfs": [
        "THNQ",
        "AIQ",
        "QQQ"
      ],
      "primary_us": "THNQ",
      "tags": [
        "AI",
        "人工智能",
        "算力"
      ],
      "note": "",
      "returns": {
        "r_1d": 0.011759209774406046,
        "r_5d": 0.04128673147025801,
        "r_20d": 0.21413090399182483,
        "r_60d": 0.22223692099462342,
        "r_120d": 0.12406567435252627,
        "r_ytd": 0.14476636624302866
      },
      "strength": {
        "short": 93,
        "mid": 93,
        "long": 61,
        "composite": 80
      },
      "rank": {
        "short": 4,
        "mid": 4,
        "long": 4,
        "composite": 4
      }
    },
    {
      "id": "energy_oil",
      "name": "原油/能源",
      "us_etfs": [
        "XLE",
        "USO"
      ],
      "primary_us": "XLE",
      "tags": [
        "原油",
        "能源"
      ],
      "note": "",
      "returns": {
        "r_1d": 0.009134043972748111,
        "r_5d": 0.04511782650464646,
        "r_20d": -0.004871109258280809,
        "r_60d": 0.13536425078186815,
        "r_120d": 0.2975882559613198,
        "r_ytd": 0.2696347076277104
      },
      "strength": {
        "short": 96,
        "mid": 66,
        "long": 83,
        "composite": 79
      },
      "rank": {
        "short": 5,
        "mid": 5,
        "long": 5,
        "composite": 5
      }
    },
    {
      "id": "new_energy_vehicle",
      "name": "新能源车/锂电",
      "us_etfs": [
        "DRIV",
        "LIT",
        "HAIL"
      ],
      "primary_us": "DRIV",
      "tags": [
        "新能源车",
        "锂电池"
      ],
      "note": "",
      "returns": {
        "r_1d": -0.009959580327041329,
        "r_5d": 0.029937881793461265,
        "r_20d": 0.18726102348230445,
        "r_60d": 0.17659928712359546,
        "r_120d": 0.2403057446431891,
        "r_ytd": 0.20699285047877913
      },
      "strength": {
        "short": 81,
        "mid": 86,
        "long": 77,
        "composite": 81
      },
      "rank": {
        "short": 3,
        "mid": 3,
        "long": 3,
        "composite": 3
      }
    },
    {
      "id": "robotics",
      "name": "机器人",
      "us_etfs": [
        "BOTZ",
        "ROBO",
        "ARKQ"
      ],
      "primary_us": "BOTZ",
      "tags": [
        "机器人",
        "智能制造"
      ],
      "note": "",
      "returns": {
        "r_1d": -0.005715718530693655,
        "r_5d": -0.0028619924939715085,
        "r_20d": 0.13330811024268946,
        "r_60d": 0.07042695234120397,
        "r_120d": 0.06832622459183472,
        "r_ytd": 0.04448734584026014
      },
      "strength": {
        "short": 29,
        "mid": 80,
        "long": 48,
        "composite": 57
      },
      "rank": {
        "short": 9,
        "mid": 9,
        "long": 9,
        "composite": 9
      }
    },
    {
      "id": "gold_metals",
      "name": "黄金/有色",
      "us_etfs": [
        "GLD",
        "SLV",
        "PICK"
      ],
      "primary_us": "GLD",
      "tags": [
        "黄金",
        "贵金属",
        "有色"
      ],
      "note": "",
      "returns": {
        "r_1d": -0.02021814296632195,
        "r_5d": -0.035949935908751306,
        "r_20d": -0.030725629580321105,
        "r_60d": -0.0634589028799137,
        "r_120d": 0.11865449194206172,
        "r_ytd": 0.04042418771930119
      },
      "strength": {
        "short": 4,
        "mid": 20,
        "long": 53,
        "composite": 30
      },
      "rank": {
        "short": 12,
        "mid": 12,
        "long": 12,
        "composite": 12
      }
    },
    {
      "id": "china_internet",
      "name": "中概互联网/港股",
      "us_etfs": [
        "KWEB",
        "CQQQ"
      ],
      "primary_us": "KWEB",
      "tags": [
        "中概",
        "港股",
        "互联网"
      ],
      "note": "",
      "returns": {
        "r_1d": -0.006623713646320246,
        "r_5d": 0.008077288485836767,
        "r_20d": 0.015864981674905597,
        "r_60d": -0.1546002490837067,
        "r_120d": -0.25059572134104496,
        "r_ytd": -0.22013099792439134
      },
      "strength": {
        "short": 54,
        "mid": 9,
        "long": 12,
        "composite": 19
      },
      "rank": {
        "short": 14,
        "mid": 14,
        "long": 14,
        "composite": 14
      }
    },
    {
      "id": "financial",
      "name": "金融/券商银行",
      "us_etfs": [
        "XLF",
        "KBE",
        "KRE"
      ],
      "primary_us": "XLF",
      "tags": [
        "金融",
        "银行",
        "券商"
      ],
      "note": "",
      "returns": {
        "r_1d": -0.006570001176473636,
        "r_5d": -0.004449171380475645,
        "r_20d": 0.033513893726980507,
        "r_60d": -0.027487470701920064,
        "r_120d": -0.014382092930425892,
        "r_ytd": -0.05779838408871112
      },
      "strength": {
        "short": 22,
        "mid": 40,
        "long": 33,
        "composite": 34
      },
      "rank": {
        "short": 11,
        "mid": 11,
        "long": 11,
        "composite": 11
      }
    },
    {
      "id": "solar_clean_energy",
      "name": "光伏/清洁能源",
      "us_etfs": [
        "TAN",
        "ICLN"
      ],
      "primary_us": "TAN",
      "tags": [
        "光伏",
        "清洁能源"
      ],
      "note": "",
      "returns": {
        "r_1d": -0.015129899801230192,
        "r_5d": -0.00529594744930104,
        "r_20d": 0.07503075793521313,
        "r_60d": 0.044661991602642837,
        "r_120d": 0.1471806531419254,
        "r_ytd": 0.12345174080565861
      },
      "strength": {
        "short": 11,
        "mid": 61,
        "long": 65,
        "composite": 53
      },
      "rank": {
        "short": 10,
        "mid": 10,
        "long": 10,
        "composite": 10
      }
    },
    {
      "id": "biotech",