{
  "schema_version": "1.0",
  "generated_at": "2026-04-28T16:00:00+08:00",
  "themes": [
    {
      "id": "storage_dram",
      "name": "存储芯片",
      "us_etfs": [
        "DRAM",
        "SOXX",
        "SMH"
      ],
      "primary_us": "DRAM",
      "tags": [
        "DRAM",
        "NAND",
        "半导体"
      ],
      "note": "A股无纯存储基金, 用半导体宽主题替代",
      "returns": {
        "r_1d": -0.032677422330900124,
        "r_5d": 0.06645127442145642,
        "r_20d": null,
        "r_60d": null,
        "r_120d": null,
        "r_ytd": 0.2962011980933518
      },
      "strength": {
        "short": 93,
        "mid": 0,
        "long": 87,
        "composite": 53
      },
      "rank": {
        "short": 9,
        "mid": 9,
        "long": 9,
        "composite": 9
      }
    },
    {
      "id": "semiconductor",
      "name": "半导体",
      "us_etfs": [
        "SOXX",
        "SMH",
        "XSD"
      ],
      "primary_us": "SOXX",
      "tags": [
        "半导体",
        "芯片"
      ],
      "note": "",
      "returns": {
        "r_1d": -0.03735951869047289,
        "r_5d": 0.041918570604452435,
        "r_20d": 0.34794390858758595,
        "r_60d": 0.23714912915340894,
        "r_120d": 0.35458581457321015,
        "r_ytd": 0.33604928525312466
      },
      "strength": {
        "short": 75,
        "mid": 99,
        "long": 96,
        "composite": 93
      },
      "rank": {
        "short": 1,
        "mid": 1,
        "long": 1,
        "composite": 1
      }
    },
    {
      "id": "cybersecurity",
      "name": "网络安全",
      "us_etfs": [
        "CIBR",
        "BUG"
      ],
      "primary_us": "CIBR",
      "tags": [
        "网络安全",
        "计算机"
      ],
      "note": "A股无纯网络安全 ETF, 映射纯度低",
      "returns": {
        "r_1d": -0.005939163891283666,
        "r_5d": -0.0131668352906982,
        "r_20d": 0.09950362887156132,
        "r_60d": -0.026309310815604062,
        "r_120d": -0.1362783311261518,
        "r_ytd": -0.049496370208202016
      },
      "strength": {
        "short": 26,
        "mid": 61,
        "long": 24,
        "composite": 39
      },
      "rank": {
        "short": 11,
        "mid": 11,
        "long": 11,
        "composite": 11
      }
    },
    {
      "id": "ai_compute",
      "name": "AI算力",
      "us_etfs": [
        "THNQ",
        "AIQ",
        "QQQ"
      ],
      "primary_us": "THNQ",
      "tags": [
        "AI",
        "人工智能",
        "算力"
      ],
      "note": "",
      "returns": {
        "r_1d": -0.021157735256205307,
        "r_5d": -0.0021431858793797714,
        "r_20d": 0.22407367808447007,
        "r_60d": 0.08272578564607855,
        "r_120d": 0.022237042203381574,
        "r_ytd": 0.08232189951656534
      },
      "strength": {
        "short": 22,
        "mid": 96,
        "long": 51,
        "composite": 63
      },
      "rank": {
        "short": 7,
        "mid": 7,
        "long": 7,
        "composite": 7
      }
    },
    {
      "id": "energy_oil",
      "name": "原油/能源",
      "us_etfs": [
        "XLE",
        "USO"
      ],
      "primary_us": "XLE",
      "tags": [
        "原油",
        "能源"
      ],
      "note": "",
      "returns": {
        "r_1d": 0.016422427612486,
        "r_5d": 0.03240290850540917,
        "r_20d": -0.07105854791396542,
        "r_60d": 0.1291374205938648,
        "r_120d": 0.28465187623783866,
        "r_ytd": 0.24093930873554995
      },
      "strength": {
        "short": 99,
        "mid": 55,
        "long": 82,
        "composite": 75
      },
      "rank": {
        "short": 3,
        "mid": 3,
        "long": 3,
        "composite": 3
      }
    },
    {
      "id": "new_energy_vehicle",
      "name": "新能源车/锂电",
      "us_etfs": [
        "DRIV",
        "LIT",
        "HAIL"
      ],
      "primary_us": "DRIV",
      "tags": [
        "新能源车",
        "锂电池"
      ],
      "note": "",
      "returns": {
        "r_1d": -0.01946770555300078,
        "r_5d": 0.007741871887925558,
        "r_20d": 0.20274808311484355,
        "r_60d": 0.1039002392236607,
        "r_120d": 0.16065781945585966,
        "r_ytd": 0.15758726313231702
      },
      "strength": {
        "short": 32,
        "mid": 92,
        "long": 73,
        "composite": 72
      },
      "rank": {
        "short": 5,
        "mid": 5,
        "long": 5,
        "composite": 5
      }
    },
    {
      "id": "robotics",
      "name": "机器人",
      "us_etfs": [
        "BOTZ",
        "ROBO",
        "ARKQ"
      ],
      "primary_us": "BOTZ",
      "tags": [
        "机器人",
        "智能制造"
      ],
      "note": "",
      "returns": {
        "r_1d": -0.021799991726237457,
        "r_5d": 0.02473239370530756,
        "r_20d": 0.16317517237064996,
        "r_60d": 0.009069151375412036,
        "r_120d": -0.011236383936705988,
        "r_ytd": 0.025549346607994426
      },
      "strength": {
        "short": 68,
        "mid": 82,
        "long": 43,
        "composite": 64
      },
      "rank": {
        "short": 6,
        "mid": 6,
        "long": 6,
        "composite": 6
      }
    },
    {
      "id": "gold_metals",
      "name": "黄金/有色",
      "us_etfs": [
        "GLD",
        "SLV",
        "PICK"
      ],
      "primary_us": "GLD",
      "tags": [
        "黄金",
        "贵金属",
        "有色"
      ],
      "note": "",
      "returns": {
        "r_1d": -0.01873736625464264,
        "r_5d": -0.017992695575784992,
        "r_20d": 0.017526102645757175,
        "r_60d": -0.05316991390912798,
        "r_120d": 0.13459177286144985,
        "r_ytd": 0.057636757373409835
      },
      "strength": {
        "short": 14,
        "mid": 30,
        "long": 58,
        "composite": 38
      },
      "rank": {
        "short": 12,
        "mid": 12,
        "long": 12,
        "composite": 12
      }
    },
    {
      "id": "china_internet",
      "name": "中概互联网/港股",
      "us_etfs": [
        "KWEB",
        "CQQQ"
      ],
      "primary_us": "KWEB",
      "tags": [
        "中概",
        "港股",
        "互联网"
      ],
      "note": "",
      "returns": {
        "r_1d": -0.008854316554081317,
        "r_5d": -0.04520934074619468,
        "r_20d": 0.011809044587951121,
        "r_60d": -0.23002131229003248,
        "r_120d": -0.2923638113425958,
        "r_ytd": -0.23706260296430942
      },
      "strength": {
        "short": 7,
        "mid": 5,
        "long": 10,
        "composite": 7
      },
      "rank": {
        "short": 14,
        "mid": 14,
        "long": 14,
        "composite": 14
      }
    },
    {
      "id": "financial",
      "name": "金融/券商银行",
      "us_etfs": [
        "XLF",
        "KBE",
        "KRE"
      ],
      "primary_us": "XLF",
      "tags": [
        "金融",
        "银行",
        "券商"
      ],
      "note": "",
      "returns": {
        "r_1d": 0.0007716979138312702,
        "r_5d": -0.008641451236304455,
        "r_20d": 0.06968186687922841,
        "r_60d": -0.025077397974468806,
        "r_120d": 0.0028468624853543053,
        "r_ytd": -0.05257751479440433
      },
      "strength": {
        "short": 40,
        "mid": 49,
        "long": 34,
        "composite": 41
      },
      "rank": {
        "short": 10,
        "mid": 10,
        "long": 10,
        "composite": 10
      }
    },
    {
      "id": "solar_clean_energy",
      "name": "光伏/清洁能源",
      "us_etfs": [
        "TAN",
        "ICLN"
      ],
      "primary_us": "TAN",
      "tags": [
        "光伏",
        "清洁能源"
      ],
      "note": "",
      "returns": {
        "r_1d": -0.018399620052028207,
        "r_5d": 0.05237169368228013,
        "r_20d": 0.08565543758128119,
        "r_60d": 0.06766733585248151,
        "r_120d": 0.1591963564467853,
        "r_ytd": 0.11034806820293154
      },
      "strength": {
        "short": 96,
        "mid": 77,
        "long": 68,
        "composite": 77
      },
      "rank": {
        "short": 2,
        "mid": 2,
        "long": 2,
        "composite": 2
      }
    },
    {
      "id": "biotech",
      "name": "生物科技/创新药",