{
  "schema_version": "1.0",
  "generated_at": "2026-06-10T16:00:00+08:00",
  "themes": [
    {
      "id": "storage_dram",
      "name": "存储芯片",
      "us_etfs": [
        "DRAM",
        "SOXX",
        "SMH"
      ],
      "primary_us": "DRAM",
      "tags": [
        "DRAM",
        "NAND",
        "半导体"
      ],
      "note": "A股无纯存储基金, 用半导体宽主题替代",
      "returns": {
        "r_1d": -0.042487012625100726,
        "r_5d": -0.19482226636916605,
        "r_20d": 0.11183076269115987,
        "r_60d": null,
        "r_120d": null,
        "r_ytd": 0.7259253561121428
      },
      "strength": {
        "short": 4,
        "mid": 88,
        "long": 99,
        "composite": 76
      },
      "rank": {
        "short": 2,
        "mid": 2,
        "long": 2,
        "composite": 2
      }
    },
    {
      "id": "semiconductor",
      "name": "半导体",
      "us_etfs": [
        "SOXX",
        "SMH",
        "XSD"
      ],
      "primary_us": "SOXX",
      "tags": [
        "半导体",
        "芯片"
      ],
      "note": "",
      "returns": {
        "r_1d": -0.03738945013329196,
        "r_5d": -0.12836576236633407,
        "r_20d": 0.04827423872496532,
        "r_60d": 0.47243469075948236,
        "r_120d": 0.6039425170341024,
        "r_ytd": 0.5465722418024832
      },
      "strength": {
        "short": 14,
        "mid": 99,
        "long": 96,
        "composite": 81
      },
      "rank": {
        "short": 1,
        "mid": 1,
        "long": 1,
        "composite": 1
      }
    },
    {
      "id": "cybersecurity",
      "name": "网络安全",
      "us_etfs": [
        "CIBR",
        "BUG"
      ],
      "primary_us": "CIBR",
      "tags": [
        "网络安全",
        "计算机"
      ],
      "note": "A股无纯网络安全 ETF, 映射纯度低",
      "returns": {
        "r_1d": -0.013008076037070238,
        "r_5d": -0.09634702313871511,
        "r_20d": 0.10649567638717984,
        "r_60d": 0.25692024847863904,
        "r_120d": 0.14055079374693275,
        "r_ytd": 0.16542281295966627
      },
      "strength": {
        "short": 32,
        "mid": 96,
        "long": 62,
        "composite": 70
      },
      "rank": {
        "short": 5,
        "mid": 5,
        "long": 5,
        "composite": 5
      }
    },
    {
      "id": "ai_compute",
      "name": "AI算力",
      "us_etfs": [
        "THNQ",
        "AIQ",
        "QQQ"
      ],
      "primary_us": "THNQ",
      "tags": [
        "AI",
        "人工智能",
        "算力"
      ],
      "note": "",
      "returns": {
        "r_1d": -0.023493909388237727,
        "r_5d": -0.1037096962275987,
        "r_20d": 0.04796031106872331,
        "r_60d": 0.29706493798660855,
        "r_120d": 0.270288070646448,
        "r_ytd": 0.24723367992105955
      },
      "strength": {
        "short": 29,
        "mid": 93,
        "long": 82,
        "composite": 76
      },
      "rank": {
        "short": 3,
        "mid": 3,
        "long": 3,
        "composite": 3
      }
    },
    {
      "id": "energy_oil",
      "name": "原油/能源",
      "us_etfs": [
        "XLE",
        "USO"
      ],
      "primary_us": "XLE",
      "tags": [
        "原油",
        "能源"
      ],
      "note": "",
      "returns": {
        "r_1d": 0.014874030960694022,
        "r_5d": -0.007865962036223084,
        "r_20d": 0.011742499059043244,
        "r_60d": 0.012539151754720116,
        "r_120d": 0.2998826344481612,
        "r_ytd": 0.2502529483227605
      },
      "strength": {
        "short": 87,
        "mid": 58,
        "long": 86,
        "composite": 75
      },
      "rank": {
        "short": 4,
        "mid": 4,
        "long": 4,
        "composite": 4
      }
    },
    {
      "id": "new_energy_vehicle",
      "name": "新能源车/锂电",
      "us_etfs": [
        "DRIV",
        "LIT",
        "HAIL"
      ],
      "primary_us": "DRIV",
      "tags": [
        "新能源车",
        "锂电池"
      ],
      "note": "",
      "returns": {
        "r_1d": -0.03662649438680935,
        "r_5d": -0.12186612043838692,
        "r_20d": -0.06720204681963778,
        "r_60d": 0.19365764068142424,
        "r_120d": 0.23441358171841895,
        "r_ytd": 0.20150600271571661
      },
      "strength": {
        "short": 18,
        "mid": 80,
        "long": 77,
        "composite": 66
      },
      "rank": {
        "short": 6,
        "mid": 6,
        "long": 6,
        "composite": 6
      }
    },
    {
      "id": "robotics",
      "name": "机器人",
      "us_etfs": [
        "BOTZ",
        "ROBO",
        "ARKQ"
      ],
      "primary_us": "BOTZ",
      "tags": [
        "机器人",
        "智能制造"
      ],
      "note": "",
      "returns": {
        "r_1d": -0.03737226799057959,
        "r_5d": -0.10544325874063831,
        "r_20d": -0.11655587473015498,
        "r_60d": 0.023734250379156017,
        "r_120d": 0.016803587583315568,
        "r_ytd": -0.012885645079202526
      },
      "strength": {
        "short": 21,
        "mid": 24,
        "long": 39,
        "composite": 29
      },
      "rank": {
        "short": 12,
        "mid": 12,
        "long": 12,
        "composite": 12
      }
    },
    {
      "id": "gold_metals",
      "name": "黄金/有色",
      "us_etfs": [
        "GLD",
        "SLV",
        "PICK"
      ],
      "primary_us": "GLD",
      "tags": [
        "黄金",
        "贵金属",
        "有色"
      ],
      "note": "",
      "returns": {
        "r_1d": -0.04233937620833833,
        "r_5d": -0.08514312175491122,
        "r_20d": -0.14477067274403982,
        "r_60d": -0.20635545709304845,
        "r_120d": -0.0553310694363248,
        "r_ytd": -0.061349910000680165
      },
      "strength": {
        "short": 25,
        "mid": 4,
        "long": 27,
        "composite": 17
      },
      "rank": {
        "short": 14,
        "mid": 14,
        "long": 14,
        "composite": 14
      }
    },
    {
      "id": "china_internet",
      "name": "中概互联网/港股",
      "us_etfs": [
        "KWEB",
        "CQQQ"
      ],
      "primary_us": "KWEB",
      "tags": [
        "中概",
        "港股",
        "互联网"
      ],
      "note": "",
      "returns": {
        "r_1d": 0.00911859529545901,
        "r_5d": -0.0290739368152117,
        "r_20d": -0.09757686452772503,
        "r_60d": -0.14742828976996394,
        "r_120d": -0.25365954423480347,
        "r_ytd": -0.29830997441338253
      },
      "strength": {
        "short": 44,
        "mid": 12,
        "long": 10,
        "composite": 18
      },
      "rank": {
        "short": 13,
        "mid": 13,
        "long": 13,
        "composite": 13
      }
    },
    {
      "id": "financial",
      "name": "金融/券商银行",
      "us_etfs": [
        "XLF",
        "KBE",
        "KRE"
      ],
      "primary_us": "XLF",
      "tags": [
        "金融",
        "银行",
        "券商"
      ],
      "note": "",
      "returns": {
        "r_1d": -0.004393923302989366,
        "r_5d": 0.026383695846109487,
        "r_20d": 0.012522997731311804,
        "r_60d": 0.0628601829501774,
        "r_120d": -0.036492998278787436,
        "r_ytd": -0.045275386357399305
      },
      "strength": {
        "short": 99,
        "mid": 70,
        "long": 32,
        "composite": 61
      },
      "rank": {
        "short": 7,
        "mid": 7,
        "long": 7,
        "composite": 7
      }
    },
    {
      "id": "solar_clean_energy",
      "name": "光伏/清洁能源",
      "us_etfs": [
        "TAN",
        "ICLN"
      ],
      "primary_us": "TAN",
      "tags": [
        "光伏",
        "清洁能源"
      ],
      "note": "",
      "returns": {
        "r_1d": -0.044143077921459425,
        "r_5d": -0.17238391894945707,
        "r_20d": -0.04122761909766646,
        "r_60d": 0.04158997890184621,
        "r_120d": 0.21342920351599204,
        "r_ytd": 0.1367239923471382
      },
      "strength": {
        "short": 7,
        "mid": 50,
        "long": 71,
        "composite": 50
      },
      "rank": {
        "short": 8,
        "mid": 8,
        "long": 8,
        "composite": 8
      }
    },
    {
      "id": "biotech",