{
  "schema_version": "1.0",
  "generated_at": "2026-06-09T16:00:00+08:00",
  "themes": [
    {
      "id": "storage_dram",
      "name": "存储芯片",
      "us_etfs": [
        "DRAM",
        "SOXX",
        "SMH"
      ],
      "primary_us": "DRAM",
      "tags": [
        "DRAM",
        "NAND",
        "半导体"
      ],
      "note": "A股无纯存储基金, 用半导体宽主题替代",
      "returns": {
        "r_1d": -0.010965383863126097,
        "r_5d": -0.15032492292807947,
        "r_20d": 0.08322180551686752,
        "r_60d": null,
        "r_120d": null,
        "r_ytd": 0.7684123687372436
      },
      "strength": {
        "short": 7,
        "mid": 82,
        "long": 99,
        "composite": 74
      },
      "rank": {
        "short": 3,
        "mid": 3,
        "long": 3,
        "composite": 3
      }
    },
    {
      "id": "semiconductor",
      "name": "半导体",
      "us_etfs": [
        "SOXX",
        "SMH",
        "XSD"
      ],
      "primary_us": "SOXX",
      "tags": [
        "半导体",
        "芯片"
      ],
      "note": "",
      "returns": {
        "r_1d": -0.01642599140205249,
        "r_5d": -0.0735105337893671,
        "r_20d": 0.05367994698427709,
        "r_60d": 0.5292822626430224,
        "r_120d": 0.6367039514456032,
        "r_ytd": 0.5839616919357753
      },
      "strength": {
        "short": 29,
        "mid": 99,
        "long": 96,
        "composite": 84
      },
      "rank": {
        "short": 1,
        "mid": 1,
        "long": 1,
        "composite": 1
      }
    },
    {
      "id": "cybersecurity",
      "name": "网络安全",
      "us_etfs": [
        "CIBR",
        "BUG"
      ],
      "primary_us": "CIBR",
      "tags": [
        "网络安全",
        "计算机"
      ],
      "note": "A股无纯网络安全 ETF, 映射纯度低",
      "returns": {
        "r_1d": -0.021001546014661865,
        "r_5d": -0.11183704809595567,
        "r_20d": 0.11165112698626949,
        "r_60d": 0.25990123447070473,
        "r_120d": 0.1527312398452577,
        "r_ytd": 0.17843088899673656
      },
      "strength": {
        "short": 14,
        "mid": 93,
        "long": 63,
        "composite": 65
      },
      "rank": {
        "short": 5,
        "mid": 5,
        "long": 5,
        "composite": 5
      }
    },
    {
      "id": "ai_compute",
      "name": "AI算力",
      "us_etfs": [
        "THNQ",
        "AIQ",
        "QQQ"
      ],
      "primary_us": "THNQ",
      "tags": [
        "AI",
        "人工智能",
        "算力"
      ],
      "note": "",
      "returns": {
        "r_1d": -0.019010137063575218,
        "r_5d": -0.10248935988804857,
        "r_20d": 0.04941833803191466,
        "r_60d": 0.34134135915830816,
        "r_120d": 0.28840396644934885,
        "r_ytd": 0.2707275893092974
      },
      "strength": {
        "short": 18,
        "mid": 96,
        "long": 87,
        "composite": 77
      },
      "rank": {
        "short": 2,
        "mid": 2,
        "long": 2,
        "composite": 2
      }
    },
    {
      "id": "energy_oil",
      "name": "原油/能源",
      "us_etfs": [
        "XLE",
        "USO"
      ],
      "primary_us": "XLE",
      "tags": [
        "原油",
        "能源"
      ],
      "note": "",
      "returns": {
        "r_1d": -0.01624651067173266,
        "r_5d": -0.009883040171517737,
        "r_20d": 0.0038408082374801074,
        "r_60d": 0.001125367142481942,
        "r_120d": 0.253994933722933,
        "r_ytd": 0.23537891736206654
      },
      "strength": {
        "short": 39,
        "mid": 44,
        "long": 78,
        "composite": 57
      },
      "rank": {
        "short": 10,
        "mid": 10,
        "long": 10,
        "composite": 10
      }
    },
    {
      "id": "new_energy_vehicle",
      "name": "新能源车/锂电",
      "us_etfs": [
        "DRIV",
        "LIT",
        "HAIL"
      ],
      "primary_us": "DRIV",
      "tags": [
        "新能源车",
        "锂电池"
      ],
      "note": "",
      "returns": {
        "r_1d": -0.012342649006069505,
        "r_5d": -0.095662866050543,
        "r_20d": -0.05290902517403901,
        "r_60d": 0.24869364156503304,
        "r_120d": 0.26605544410940707,
        "r_ytd": 0.23813249710252596
      },
      "strength": {
        "short": 21,
        "mid": 87,
        "long": 82,
        "composite": 72
      },
      "rank": {
        "short": 4,
        "mid": 4,
        "long": 4,
        "composite": 4
      }
    },
    {
      "id": "robotics",
      "name": "机器人",
      "us_etfs": [
        "BOTZ",
        "ROBO",
        "ARKQ"
      ],
      "primary_us": "BOTZ",
      "tags": [
        "机器人",
        "智能制造"
      ],
      "note": "",
      "returns": {
        "r_1d": -0.018436149658116224,
        "r_5d": -0.07721699277106703,
        "r_20d": -0.09356883917155565,
        "r_60d": 0.07705665853156375,
        "r_120d": 0.04444408840482379,
        "r_ytd": 0.024486622911377168
      },
      "strength": {
        "short": 25,
        "mid": 36,
        "long": 42,
        "composite": 36
      },
      "rank": {
        "short": 11,
        "mid": 11,
        "long": 11,
        "composite": 11
      }
    },
    {
      "id": "gold_metals",
      "name": "黄金/有色",
      "us_etfs": [
        "GLD",
        "SLV",
        "PICK"
      ],
      "primary_us": "GLD",
      "tags": [
        "黄金",
        "贵金属",
        "有色"
      ],
      "note": "",
      "returns": {
        "r_1d": -0.016471383961975034,
        "r_5d": -0.052757273731306654,
        "r_20d": -0.10639635682009974,
        "r_60d": -0.164906164560652,
        "r_120d": -0.012764263664447226,
        "r_ytd": -0.019010533792341803
      },
      "strength": {
        "short": 36,
        "mid": 4,
        "long": 34,
        "composite": 22
      },
      "rank": {
        "short": 13,
        "mid": 13,
        "long": 13,
        "composite": 13
      }
    },
    {
      "id": "china_internet",
      "name": "中概互联网/港股",
      "us_etfs": [
        "KWEB",
        "CQQQ"
      ],
      "primary_us": "KWEB",
      "tags": [
        "中概",
        "港股",
        "互联网"
      ],
      "note": "",
      "returns": {
        "r_1d": 0.0030581033487317713,
        "r_5d": -0.0781618712625037,
        "r_20d": -0.12167703168197957,
        "r_60d": -0.14075709819359797,
        "r_120d": -0.26581628985671457,
        "r_ytd": -0.30742856970884164
      },
      "strength": {
        "short": 32,
        "mid": 8,
        "long": 9,
        "composite": 13
      },
      "rank": {
        "short": 14,
        "mid": 14,
        "long": 14,
        "composite": 14
      }
    },
    {
      "id": "financial",
      "name": "金融/券商银行",
      "us_etfs": [
        "XLF",
        "KBE",
        "KRE"
      ],
      "primary_us": "XLF",
      "tags": [
        "金融",
        "银行",
        "券商"
      ],
      "note": "",
      "returns": {
        "r_1d": 0.009384304477853354,
        "r_5d": 0.01924616792426507,
        "r_20d": 0.02470212029237833,
        "r_60d": 0.0756052808675564,
        "r_120d": -0.03848426217341962,
        "r_ytd": -0.04088146305440988
      },
      "strength": {
        "short": 96,
        "mid": 74,
        "long": 29,
        "composite": 60
      },
      "rank": {
        "short": 7,
        "mid": 7,
        "long": 7,
        "composite": 7
      }
    },
    {
      "id": "solar_clean_energy",
      "name": "光伏/清洁能源",
      "us_etfs": [
        "TAN",
        "ICLN"
      ],
      "primary_us": "TAN",
      "tags": [
        "光伏",
        "清洁能源"
      ],
      "note": "",
      "returns": {
        "r_1d": -0.02791027109706295,
        "r_5d": -0.15602034566018033,
        "r_20d": -0.01953933712556441,
        "r_60d": 0.11017017615498079,
        "r_120d": 0.2621864091559268,
        "r_ytd": 0.1808670702685976
      },
      "strength": {
        "short": 4,
        "mid": 69,
        "long": 73,
        "composite": 58
      },
      "rank": {
        "short": 8,
        "mid": 8,
        "long": 8,
        "composite": 8
      }
    },
    {
      "id": "biotech",
      "name": "生物科技/创新药",