{
  "schema_version": "1.0",
  "generated_at": "2026-05-12T16:00:00+08:00",
  "themes": [
    {
      "id": "storage_dram",
      "name": "存储芯片",
      "us_etfs": [
        "DRAM",
        "SOXX",
        "SMH"
      ],
      "primary_us": "DRAM",
      "tags": [
        "DRAM",
        "NAND",
        "半导体"
      ],
      "note": "A股无纯存储基金, 用半导体宽主题替代",
      "returns": {
        "r_1d": -0.07109596979939309,
        "r_5d": 0.10276476248335017,
        "r_20d": 0.3661881599238292,
        "r_60d": null,
        "r_120d": null,
        "r_ytd": 0.614094593420983
      },
      "strength": {
        "short": 86,
        "mid": 99,
        "long": 99,
        "composite": 96
      },
      "rank": {
        "short": 1,
        "mid": 1,
        "long": 1,
        "composite": 1
      }
    },
    {
      "id": "semiconductor",
      "name": "半导体",
      "us_etfs": [
        "SOXX",
        "SMH",
        "XSD"
      ],
      "primary_us": "SOXX",
      "tags": [
        "半导体",
        "芯片"
      ],
      "note": "",
      "returns": {
        "r_1d": -0.03198374187398021,
        "r_5d": 0.06662981116656345,
        "r_20d": 0.25152755410517136,
        "r_60d": 0.375543615016796,
        "r_120d": 0.6007435127026861,
        "r_ytd": 0.498298003077518
      },
      "strength": {
        "short": 89,
        "mid": 96,
        "long": 95,
        "composite": 94
      },
      "rank": {
        "short": 2,
        "mid": 2,
        "long": 2,
        "composite": 2
      }
    },
    {
      "id": "cybersecurity",
      "name": "网络安全",
      "us_etfs": [
        "CIBR",
        "BUG"
      ],
      "primary_us": "CIBR",
      "tags": [
        "网络安全",
        "计算机"
      ],
      "note": "A股无纯网络安全 ETF, 映射纯度低",
      "returns": {
        "r_1d": -0.00785262543798056,
        "r_5d": 0.05450520089599514,
        "r_20d": 0.17555661276657278,
        "r_60d": 0.11493767318297408,
        "r_120d": 0.01902247436317606,
        "r_ytd": 0.05892713657248625
      },
      "strength": {
        "short": 99,
        "mid": 85,
        "long": 39,
        "composite": 69
      },
      "rank": {
        "short": 7,
        "mid": 7,
        "long": 7,
        "composite": 7
      }
    },
    {
      "id": "ai_compute",
      "name": "AI算力",
      "us_etfs": [
        "THNQ",
        "AIQ",
        "QQQ"
      ],
      "primary_us": "THNQ",
      "tags": [
        "AI",
        "人工智能",
        "算力"
      ],
      "note": "",
      "returns": {
        "r_1d": -0.022035882425046303,
        "r_5d": 0.03284064208983878,
        "r_20d": 0.18070173586553495,
        "r_60d": 0.21697850957877485,
        "r_120d": 0.2288038868078654,
        "r_ytd": 0.19927336885233635
      },
      "strength": {
        "short": 67,
        "mid": 93,
        "long": 73,
        "composite": 80
      },
      "rank": {
        "short": 5,
        "mid": 5,
        "long": 5,
        "composite": 5
      }
    },
    {
      "id": "energy_oil",
      "name": "原油/能源",
      "us_etfs": [
        "XLE",
        "USO"
      ],
      "primary_us": "XLE",
      "tags": [
        "原油",
        "能源"
      ],
      "note": "",
      "returns": {
        "r_1d": 0.006972340139130945,
        "r_5d": -0.032134042583320165,
        "r_20d": 0.028543144992738537,
        "r_60d": 0.06406947043883751,
        "r_120d": 0.2575691548044035,
        "r_ytd": 0.23851044926371723
      },
      "strength": {
        "short": 4,
        "mid": 62,
        "long": 78,
        "composite": 57
      },
      "rank": {
        "short": 10,
        "mid": 10,
        "long": 10,
        "composite": 10
      }
    },
    {
      "id": "new_energy_vehicle",
      "name": "新能源车/锂电",
      "us_etfs": [
        "DRIV",
        "LIT",
        "HAIL"
      ],
      "primary_us": "DRIV",
      "tags": [
        "新能源车",
        "锂电池"
      ],
      "note": "",
      "returns": {
        "r_1d": -0.02233347274121071,
        "r_5d": 0.039202586564698695,
        "r_20d": 0.15201992777673903,
        "r_60d": 0.19744155338458766,
        "r_120d": 0.3295193299792257,
        "r_ytd": 0.2687080495353543
      },
      "strength": {
        "short": 74,
        "mid": 89,
        "long": 84,
        "composite": 84
      },
      "rank": {
        "short": 3,
        "mid": 3,
        "long": 3,
        "composite": 3
      }
    },
    {
      "id": "robotics",
      "name": "机器人",
      "us_etfs": [
        "BOTZ",
        "ROBO",
        "ARKQ"
      ],
      "primary_us": "BOTZ",
      "tags": [
        "机器人",
        "智能制造"
      ],
      "note": "",
      "returns": {
        "r_1d": -0.014385232431980323,
        "r_5d": 0.04958864642088549,
        "r_20d": 0.10694441901891849,
        "r_60d": 0.06022566062288139,
        "r_120d": 0.1752997201445056,
        "r_ytd": 0.10367022965095257
      },
      "strength": {
        "short": 93,
        "mid": 72,
        "long": 61,
        "composite": 72
      },
      "rank": {
        "short": 6,
        "mid": 6,
        "long": 6,
        "composite": 6
      }
    },
    {
      "id": "gold_metals",
      "name": "黄金/有色",
      "us_etfs": [
        "GLD",
        "SLV",
        "PICK"
      ],
      "primary_us": "GLD",
      "tags": [
        "黄金",
        "贵金属",
        "有色"
      ],
      "note": "",
      "returns": {
        "r_1d": -0.003965060284398247,
        "r_5d": 0.03444890445025054,
        "r_20d": -0.02770046548194411,
        "r_60d": -0.06632993700515477,
        "r_120d": 0.15262350044975523,
        "r_ytd": 0.08342076274335954
      },
      "strength": {
        "short": 82,
        "mid": 16,
        "long": 53,
        "composite": 44
      },
      "rank": {
        "short": 12,
        "mid": 12,
        "long": 12,
        "composite": 12
      }
    },
    {
      "id": "china_internet",
      "name": "中概互联网/港股",
      "us_etfs": [
        "KWEB",
        "CQQQ"
      ],
      "primary_us": "KWEB",
      "tags": [
        "中概",
        "港股",
        "互联网"
      ],
      "note": "",
      "returns": {
        "r_1d": -0.014981571858795438,
        "r_5d": 0.021498710417162288,
        "r_20d": -0.007518874074978345,
        "r_60d": -0.11766871906742674,
        "r_120d": -0.2041480802211149,
        "r_ytd": -0.2007331098856576
      },
      "strength": {
        "short": 51,
        "mid": 10,
        "long": 13,
        "composite": 19
      },
      "rank": {
        "short": 14,
        "mid": 14,
        "long": 14,
        "composite": 14
      }
    },
    {
      "id": "financial",
      "name": "金融/券商银行",
      "us_etfs": [
        "XLF",
        "KBE",
        "KRE"
      ],
      "primary_us": "XLF",
      "tags": [
        "金融",
        "银行",
        "券商"
      ],
      "note": "",
      "returns": {
        "r_1d": 0.007785199258077124,
        "r_5d": -0.00019382226174795712,
        "r_20d": -0.003869914796078158,
        "r_60d": 0.0037709899905642155,
        "r_120d": 0.011139673208383454,
        "r_ytd": -0.05779838408871112
      },
      "strength": {
        "short": 56,
        "mid": 39,
        "long": 30,
        "composite": 39
      },
      "rank": {
        "short": 13,
        "mid": 13,
        "long": 13,
        "composite": 13
      }
    },
    {
      "id": "solar_clean_energy",
      "name": "光伏/清洁能源",
      "us_etfs": [
        "TAN",
        "ICLN"
      ],
      "primary_us": "TAN",
      "tags": [
        "光伏",
        "清洁能源"
      ],
      "note": "",
      "returns": {
        "r_1d": -0.022454795949357467,
        "r_5d": 0.01536484029902038,
        "r_20d": 0.10996697873624409,
        "r_60d": 0.06241053789707756,
        "r_120d": 0.2345629841709814,
        "r_ytd": 0.1779516114448046
      },
      "strength": {
        "short": 16,
        "mid": 75,
        "long": 69,
        "composite": 61
      },
      "rank": {
        "short": 8,
        "mid": 8,
        "long": 8,
        "composite": 8
      }
    },
    {
      "id": "biotech",
      "name": "生物科技/创新药",