{
  "schema_version": "1.0",
  "generated_at": "2026-04-20T16:00:00+08:00",
  "themes": [
    {
      "id": "storage_dram",
      "name": "存储芯片",
      "us_etfs": [
        "DRAM",
        "SOXX",
        "SMH"
      ],
      "primary_us": "DRAM",
      "tags": [
        "DRAM",
        "NAND",
        "半导体"
      ],
      "note": "A股无纯存储基金, 用半导体宽主题替代",
      "returns": {
        "r_1d": -0.014718648359299877,
        "r_5d": 0.044309214772863106,
        "r_20d": null,
        "r_60d": null,
        "r_120d": null,
        "r_ytd": 0.23374991156655583
      },
      "strength": {
        "short": 71,
        "mid": 0,
        "long": 85,
        "composite": 48
      },
      "rank": {
        "short": 11,
        "mid": 11,
        "long": 11,
        "composite": 11
      }
    },
    {
      "id": "semiconductor",
      "name": "半导体",
      "us_etfs": [
        "SOXX",
        "SMH",
        "XSD"
      ],
      "primary_us": "SOXX",
      "tags": [
        "半导体",
        "芯片"
      ],
      "note": "",
      "returns": {
        "r_1d": 0.004416358994806142,
        "r_5d": 0.05972994093743259,
        "r_20d": 0.22773426699503355,
        "r_60d": 0.18089421175564316,
        "r_120d": 0.34659785103233626,
        "r_ytd": 0.28661496404204684
      },
      "strength": {
        "short": 93,
        "mid": 99,
        "long": 92,
        "composite": 95
      },
      "rank": {
        "short": 1,
        "mid": 1,
        "long": 1,
        "composite": 1
      }
    },
    {
      "id": "cybersecurity",
      "name": "网络安全",
      "us_etfs": [
        "CIBR",
        "BUG"
      ],
      "primary_us": "CIBR",
      "tags": [
        "网络安全",
        "计算机"
      ],
      "note": "A股无纯网络安全 ETF, 映射纯度低",
      "returns": {
        "r_1d": 0.00853745419976184,
        "r_5d": 0.05929261618970761,
        "r_20d": 0.04782434604461484,
        "r_60d": -0.05056205034243865,
        "r_120d": -0.14009447058728783,
        "r_ytd": -0.05098666065854261
      },
      "strength": {
        "short": 96,
        "mid": 32,
        "long": 24,
        "composite": 42
      },
      "rank": {
        "short": 12,
        "mid": 12,
        "long": 12,
        "composite": 12
      }
    },
    {
      "id": "ai_compute",
      "name": "AI算力",
      "us_etfs": [
        "THNQ",
        "AIQ",
        "QQQ"
      ],
      "primary_us": "THNQ",
      "tags": [
        "AI",
        "人工智能",
        "算力"
      ],
      "note": "",
      "returns": {
        "r_1d": 0.0077787903058184355,
        "r_5d": 0.09473499324615763,
        "r_20d": 0.1547751261187279,
        "r_60d": 0.052434410329303946,
        "r_120d": 0.041985590971389104,
        "r_ytd": 0.07909853841169089
      },
      "strength": {
        "short": 99,
        "mid": 87,
        "long": 52,
        "composite": 75
      },
      "rank": {
        "short": 5,
        "mid": 5,
        "long": 5,
        "composite": 5
      }
    },
    {
      "id": "energy_oil",
      "name": "原油/能源",
      "us_etfs": [
        "XLE",
        "USO"
      ],
      "primary_us": "XLE",
      "tags": [
        "原油",
        "能源"
      ],
      "note": "",
      "returns": {
        "r_1d": 0.0009083339164136398,
        "r_5d": -0.03637414563127651,
        "r_20d": -0.06766040287994511,
        "r_60d": 0.12513568933247043,
        "r_120d": 0.2386209894463772,
        "r_ytd": 0.19411395360974318
      },
      "strength": {
        "short": 4,
        "mid": 59,
        "long": 80,
        "composite": 56
      },
      "rank": {
        "short": 8,
        "mid": 8,
        "long": 8,
        "composite": 8
      }
    },
    {
      "id": "new_energy_vehicle",
      "name": "新能源车/锂电",
      "us_etfs": [
        "DRIV",
        "LIT",
        "HAIL"
      ],
      "primary_us": "DRIV",
      "tags": [
        "新能源车",
        "锂电池"
      ],
      "note": "",
      "returns": {
        "r_1d": 0.00014019310713777938,
        "r_5d": 0.058542187287435994,
        "r_20d": 0.1954231443076566,
        "r_60d": 0.06226703048812251,
        "r_120d": 0.17823788149154957,
        "r_ytd": 0.15727869350734963
      },
      "strength": {
        "short": 89,
        "mid": 91,
        "long": 70,
        "composite": 82
      },
      "rank": {
        "short": 3,
        "mid": 3,
        "long": 3,
        "composite": 3
      }
    },
    {
      "id": "robotics",
      "name": "机器人",
      "us_etfs": [
        "BOTZ",
        "ROBO",
        "ARKQ"
      ],
      "primary_us": "BOTZ",
      "tags": [
        "机器人",
        "智能制造"
      ],
      "note": "",
      "returns": {
        "r_1d": 0.0024028886951099754,
        "r_5d": 0.04165564133213238,
        "r_20d": 0.10981491142027022,
        "r_60d": -0.010082363538851816,
        "r_120d": -0.0018060260303546516,
        "r_ytd": 0.0212917604070762
      },
      "strength": {
        "short": 79,
        "mid": 72,
        "long": 40,
        "composite": 61
      },
      "rank": {
        "short": 6,
        "mid": 6,
        "long": 6,
        "composite": 6
      }
    },
    {
      "id": "gold_metals",
      "name": "黄金/有色",
      "us_etfs": [
        "GLD",
        "SLV",
        "PICK"
      ],
      "primary_us": "GLD",
      "tags": [
        "黄金",
        "贵金属",
        "有色"
      ],
      "note": "",
      "returns": {
        "r_1d": -0.0086484996289279,
        "r_5d": 0.015340231587639464,
        "r_20d": 0.06714619438023936,
        "r_60d": -0.021704016039106672,
        "r_120d": 0.15788995465903405,
        "r_ytd": 0.10435820052090519
      },
      "strength": {
        "short": 51,
        "mid": 53,
        "long": 64,
        "composite": 57
      },
      "rank": {
        "short": 7,
        "mid": 7,
        "long": 7,
        "composite": 7
      }
    },
    {
      "id": "china_internet",
      "name": "中概互联网/港股",
      "us_etfs": [
        "KWEB",
        "CQQQ"
      ],
      "primary_us": "KWEB",
      "tags": [
        "中概",
        "港股",
        "互联网"
      ],
      "note": "",
      "returns": {
        "r_1d": -0.005268363946843829,
        "r_5d": 0.05322393499279143,
        "r_20d": 0.07043242921465073,
        "r_60d": -0.16964103288879762,
        "r_120d": -0.233071759025899,
        "r_ytd": -0.16237035433117403
      },
      "strength": {
        "short": 82,
        "mid": 13,
        "long": 14,
        "composite": 27
      },
      "rank": {
        "short": 14,
        "mid": 14,
        "long": 14,
        "composite": 14
      }
    },
    {
      "id": "financial",
      "name": "金融/券商银行",
      "us_etfs": [
        "XLF",
        "KBE",
        "KRE"
      ],
      "primary_us": "XLF",
      "tags": [
        "金融",
        "银行",
        "券商"
      ],
      "note": "",
      "returns": {
        "r_1d": 0.003807367255411411,
        "r_5d": 0.018602534946486376,
        "r_20d": 0.07496187226109167,
        "r_60d": -0.017045831542710072,
        "r_120d": -0.00046275926503754213,
        "r_ytd": -0.03764610038073894
      },
      "strength": {
        "short": 67,
        "mid": 63,
        "long": 34,
        "composite": 52
      },
      "rank": {
        "short": 10,
        "mid": 10,
        "long": 10,
        "composite": 10
      }
    },
    {
      "id": "solar_clean_energy",
      "name": "光伏/清洁能源",
      "us_etfs": [
        "TAN",
        "ICLN"
      ],
      "primary_us": "TAN",
      "tags": [
        "光伏",
        "清洁能源"
      ],
      "note": "",
      "returns": {
        "r_1d": 0.007589450375280461,
        "r_5d": 0.011770126042083728,
        "r_20d": 0.007226728984049021,
        "r_60d": 0.027929145512919234,
        "r_120d": 0.14400135696269456,
        "r_ytd": 0.07376185943513527
      },
      "strength": {
        "short": 63,
        "mid": 47,
        "long": 59,
        "composite": 55
      },
      "rank": {
        "short": 9,
        "mid": 9,
        "long": 9,
        "composite": 9
      }
    },
    {
      "id": "biotech",
      "name": "生物科技/创新药",